oldUrl,oldPath,newPath,type,confidence,needsReview,h1,sourceSitemap
"https://www.solarisfilms.it/pellicole-per-vetri/pellicole-per-vetri/lo-sapevi-che/","/pellicole-per-vetri/pellicole-per-vetri/lo-sapevi-che/","/lo-sapevi-che/","knowledge-index","high","false","Lo sapevi che?","https://www.solarisfilms.it/post-sitemap.xml"
"https://www.solarisfilms.it/approfondimenti/pellicola-termica-per-vetri/","/approfondimenti/pellicola-termica-per-vetri/","/blog/pellicola-termica-per-vetri/","article","high","false","Pellicole per vetri adesive","https://www.solarisfilms.it/post-sitemap.xml"
"https://www.solarisfilms.it/approfondimenti/pellicole-oscuranti/","/approfondimenti/pellicole-oscuranti/","/blog/pellicole-oscuranti/","article","high","false","Pellicole per vetri adesive","https://www.solarisfilms.it/post-sitemap.xml"
"https://www.solarisfilms.it/approfondimenti/pellicola-vetro/","/approfondimenti/pellicola-vetro/","/blog/pellicola-vetro/","article","high","false","Pellicole per vetri adesive","https://www.solarisfilms.it/post-sitemap.xml"
"https://www.solarisfilms.it/approfondimenti/pellicola-satinata-per-vetri/","/approfondimenti/pellicola-satinata-per-vetri/","/blog/pellicola-satinata-per-vetri/","article","high","false","Pellicole per vetri adesive","https://www.solarisfilms.it/post-sitemap.xml"
"https://www.solarisfilms.it/approfondimenti/pellicola-specchio/","/approfondimenti/pellicola-specchio/","/blog/pellicola-specchio/","article","high","false","Pellicole per vetri adesive","https://www.solarisfilms.it/post-sitemap.xml"
"https://www.solarisfilms.it/approfondimenti/pellicole-di-sicurezza-per-vetri/","/approfondimenti/pellicole-di-sicurezza-per-vetri/","/blog/pellicole-di-sicurezza-per-vetri/","article","high","false","Pellicole per vetri adesive","https://www.solarisfilms.it/post-sitemap.xml"
"https://www.solarisfilms.it/approfondimenti/pellicola-per-vetri-casa/","/approfondimenti/pellicola-per-vetri-casa/","/blog/pellicola-per-vetri-casa/","article","high","false","Pellicole per vetri adesive","https://www.solarisfilms.it/post-sitemap.xml"
"https://www.solarisfilms.it/approfondimenti/pellicola-per-vetri-anti-sguardo/","/approfondimenti/pellicola-per-vetri-anti-sguardo/","/blog/pellicola-per-vetri-anti-sguardo/","article","high","false","Pellicole per vetri adesive","https://www.solarisfilms.it/post-sitemap.xml"
"https://www.solarisfilms.it/approfondimenti/pellicole-per-vetri-di-qualita-vs-scadenti/","/approfondimenti/pellicole-per-vetri-di-qualita-vs-scadenti/","/blog/pellicole-per-vetri-di-qualita-vs-scadenti/","article","high","false","Pellicole per vetri adesive","https://www.solarisfilms.it/post-sitemap.xml"
"https://www.solarisfilms.it/approfondimenti/pellicola-oscurante-vetri/","/approfondimenti/pellicola-oscurante-vetri/","/blog/pellicola-oscurante-vetri/","article","high","false","Pellicole per vetri adesive","https://www.solarisfilms.it/post-sitemap.xml"
"https://www.solarisfilms.it/approfondimenti/pellicola-adesiva-specchio/","/approfondimenti/pellicola-adesiva-specchio/","/blog/pellicola-adesiva-specchio/","article","high","false","Pellicole per vetri adesive","https://www.solarisfilms.it/post-sitemap.xml"
"https://www.solarisfilms.it/approfondimenti/pellicole-riflettenti-pro-e-contro/","/approfondimenti/pellicole-riflettenti-pro-e-contro/","/blog/pellicole-riflettenti-pro-e-contro/","article","high","false","Pellicole per vetri adesive","https://www.solarisfilms.it/post-sitemap.xml"
"https://www.solarisfilms.it/approfondimenti/energia-solare-e-vlt/","/approfondimenti/energia-solare-e-vlt/","/blog/energia-solare-e-vlt/","article","high","false","Pellicole per vetri adesive","https://www.solarisfilms.it/post-sitemap.xml"
"https://www.solarisfilms.it/approfondimenti/approfondimenti-design/","/approfondimenti/approfondimenti-design/","/blog/approfondimenti-design/","article","high","false","Pellicole per vetri adesive","https://www.solarisfilms.it/post-sitemap.xml"
"https://www.solarisfilms.it/approfondimenti/approfondimenti-sicurezza/","/approfondimenti/approfondimenti-sicurezza/","/blog/approfondimenti-sicurezza/","article","high","false","Pellicole per vetri adesive","https://www.solarisfilms.it/post-sitemap.xml"
"https://www.solarisfilms.it/approfondimenti/approfondimenti-antisolare/","/approfondimenti/approfondimenti-antisolare/","/blog/approfondimenti-antisolare/","article","high","false","Pellicole per vetri adesive","https://www.solarisfilms.it/post-sitemap.xml"
"https://www.solarisfilms.it/approfondimenti/pellicola-oscurante-vetro/","/approfondimenti/pellicola-oscurante-vetro/","/blog/pellicola-oscurante-vetro/","article","high","false","Pellicole per vetri adesive","https://www.solarisfilms.it/post-sitemap.xml"
"https://www.solarisfilms.it/approfondimenti/pellicole-fotocromatiche/","/approfondimenti/pellicole-fotocromatiche/","/blog/pellicole-fotocromatiche/","article","high","false","Pellicole per vetri adesive","https://www.solarisfilms.it/post-sitemap.xml"
"https://www.solarisfilms.it/approfondimenti/pellicole-vetri-fake-news/","/approfondimenti/pellicole-vetri-fake-news/","/blog/pellicole-vetri-fake-news/","article","high","false","Pellicole per vetri adesive","https://www.solarisfilms.it/post-sitemap.xml"
"https://www.solarisfilms.it/approfondimenti/pellicole-per-vetri-e-fake-news/","/approfondimenti/pellicole-per-vetri-e-fake-news/","/blog/pellicole-per-vetri-e-fake-news/","article","high","false","Pellicole per vetri adesive","https://www.solarisfilms.it/post-sitemap.xml"
"https://www.solarisfilms.it/approfondimenti/pellicola-anti-uv/","/approfondimenti/pellicola-anti-uv/","/blog/pellicola-anti-uv/","article","high","false","Pellicole per vetri adesive","https://www.solarisfilms.it/post-sitemap.xml"
"https://www.solarisfilms.it/approfondimenti/pellicole-antigraffiti-per-vetrine/","/approfondimenti/pellicole-antigraffiti-per-vetrine/","/blog/pellicole-antigraffiti-per-vetrine/","article","high","false","Pellicole per vetri adesive","https://www.solarisfilms.it/post-sitemap.xml"
"https://www.solarisfilms.it/approfondimenti/come-mettere-in-sicurezza-un-vetro/","/approfondimenti/come-mettere-in-sicurezza-un-vetro/","/blog/come-mettere-in-sicurezza-un-vetro/","article","high","false","Pellicole per vetri adesive","https://www.solarisfilms.it/post-sitemap.xml"
"https://www.solarisfilms.it/approfondimenti/uni-en-12600-pellicole-sicurezza-vetri/","/approfondimenti/uni-en-12600-pellicole-sicurezza-vetri/","/blog/uni-en-12600-pellicole-sicurezza-vetri/","article","high","false","Pellicole per vetri adesive","https://www.solarisfilms.it/post-sitemap.xml"
"https://www.solarisfilms.it/approfondimenti/pellicole-per-vetri-comfort-sicurezza-privacy/","/approfondimenti/pellicole-per-vetri-comfort-sicurezza-privacy/","/blog/pellicole-per-vetri-comfort-sicurezza-privacy/","article","high","false","Pellicole per vetri adesive","https://www.solarisfilms.it/post-sitemap.xml"
"https://www.solarisfilms.it/approfondimenti/pellicola-antieffrazione-per-finestre-come-sceglierla/","/approfondimenti/pellicola-antieffrazione-per-finestre-come-sceglierla/","/blog/pellicola-antieffrazione-per-finestre-come-sceglierla/","article","high","false","Pellicole per vetri adesive","https://www.solarisfilms.it/post-sitemap.xml"
"https://www.solarisfilms.it/approfondimenti/pellicole-termoisolanti-per-vetri-in-inverno/","/approfondimenti/pellicole-termoisolanti-per-vetri-in-inverno/","/blog/pellicole-termoisolanti-per-vetri-in-inverno/","article","high","false","Pellicole per vetri adesive","https://www.solarisfilms.it/post-sitemap.xml"
"https://www.solarisfilms.it/approfondimenti/pellicole-spettroselettive-facciate-vetrate/","/approfondimenti/pellicole-spettroselettive-facciate-vetrate/","/blog/pellicole-spettroselettive-facciate-vetrate/","article","high","false","Pellicole per vetri adesive","https://www.solarisfilms.it/post-sitemap.xml"
"https://www.solarisfilms.it/approfondimenti/pellicole-riflettenti-vetri-esterni-quando-convengono/","/approfondimenti/pellicole-riflettenti-vetri-esterni-quando-convengono/","/blog/pellicole-riflettenti-vetri-esterni-quando-convengono/","article","high","false","Pellicole per vetri adesive","https://www.solarisfilms.it/post-sitemap.xml"
"https://www.solarisfilms.it/approfondimenti/come-ridurre-il-calore-dalle-vetrate/","/approfondimenti/come-ridurre-il-calore-dalle-vetrate/","/blog/come-ridurre-il-calore-dalle-vetrate/","article","high","false","Pellicole per vetri adesive","https://www.solarisfilms.it/post-sitemap.xml"
"https://www.solarisfilms.it/approfondimenti/pellicole-satinate-per-vetri-bagno/","/approfondimenti/pellicole-satinate-per-vetri-bagno/","/blog/pellicole-satinate-per-vetri-bagno/","article","high","false","Pellicole per vetri adesive","https://www.solarisfilms.it/post-sitemap.xml"
"https://www.solarisfilms.it/approfondimenti/pellicola-privacy-per-vetri-ufficio/","/approfondimenti/pellicola-privacy-per-vetri-ufficio/","/blog/pellicola-privacy-per-vetri-ufficio/","article","high","false","Pellicole per vetri adesive","https://www.solarisfilms.it/post-sitemap.xml"
"https://www.solarisfilms.it/approfondimenti/vetrofanie-decorative-per-uffici/","/approfondimenti/vetrofanie-decorative-per-uffici/","/blog/vetrofanie-decorative-per-uffici/","article","high","false","Pellicole per vetri adesive","https://www.solarisfilms.it/post-sitemap.xml"
"https://www.solarisfilms.it/approfondimenti/pellicole-riflettenti-per-facciate-continue/","/approfondimenti/pellicole-riflettenti-per-facciate-continue/","/blog/pellicole-riflettenti-per-facciate-continue/","article","high","false","Pellicole per vetri adesive","https://www.solarisfilms.it/post-sitemap.xml"
"https://www.solarisfilms.it/approfondimenti/quanto-costa-installare-pellicole-per-vetri/","/approfondimenti/quanto-costa-installare-pellicole-per-vetri/","/blog/quanto-costa-installare-pellicole-per-vetri/","article","high","false","Pellicole per vetri adesive","https://www.solarisfilms.it/post-sitemap.xml"
"https://www.solarisfilms.it/approfondimenti/pellicole-vetri-riducono-davvero-raggi-uv/","/approfondimenti/pellicole-vetri-riducono-davvero-raggi-uv/","/blog/pellicole-vetri-riducono-davvero-raggi-uv/","article","high","false","Pellicole per vetri adesive","https://www.solarisfilms.it/post-sitemap.xml"
"https://www.solarisfilms.it/approfondimenti/migliori-pellicole-antisolari-per-vetrate-grandi/","/approfondimenti/migliori-pellicole-antisolari-per-vetrate-grandi/","/blog/migliori-pellicole-antisolari-per-vetrate-grandi/","article","high","false","Pellicole per vetri adesive","https://www.solarisfilms.it/post-sitemap.xml"
"https://www.solarisfilms.it/approfondimenti/quanto-dura-una-pellicola-per-vetri/","/approfondimenti/quanto-dura-una-pellicola-per-vetri/","/blog/quanto-dura-una-pellicola-per-vetri/","article","high","false","Pellicole per vetri adesive","https://www.solarisfilms.it/post-sitemap.xml"
"https://www.solarisfilms.it/approfondimenti/pellicola-antisfondamento-vs-vetro-stratificato/","/approfondimenti/pellicola-antisfondamento-vs-vetro-stratificato/","/blog/pellicola-antisfondamento-vs-vetro-stratificato/","article","high","false","Pellicole per vetri adesive","https://www.solarisfilms.it/post-sitemap.xml"
"https://www.solarisfilms.it/approfondimenti/guida-pellicole-sicurezza-uni-en-12600/","/approfondimenti/guida-pellicole-sicurezza-uni-en-12600/","/blog/guida-pellicole-sicurezza-uni-en-12600/","article","high","false","Pellicole per vetri adesive","https://www.solarisfilms.it/post-sitemap.xml"
"https://www.solarisfilms.it/approfondimenti/pellicole-antiesplosione-per-vetri-sicurezza/","/approfondimenti/pellicole-antiesplosione-per-vetri-sicurezza/","/blog/pellicole-antiesplosione-per-vetri-sicurezza/","article","high","false","Pellicole per vetri adesive","https://www.solarisfilms.it/post-sitemap.xml"
"https://www.solarisfilms.it/approfondimenti/pellicole-antisolari-per-capannoni-industriali/","/approfondimenti/pellicole-antisolari-per-capannoni-industriali/","/blog/pellicole-antisolari-per-capannoni-industriali/","article","high","false","Pellicole per vetri adesive","https://www.solarisfilms.it/post-sitemap.xml"
"https://www.solarisfilms.it/approfondimenti/pellicola-satinata-per-porte-in-vetro/","/approfondimenti/pellicola-satinata-per-porte-in-vetro/","/blog/pellicola-satinata-per-porte-in-vetro/","article","high","false","Pellicole per vetri adesive","https://www.solarisfilms.it/post-sitemap.xml"
"https://www.solarisfilms.it/approfondimenti/installazione-pellicole-antisolari-vetri-ufficio/","/approfondimenti/installazione-pellicole-antisolari-vetri-ufficio/","/blog/installazione-pellicole-antisolari-vetri-ufficio/","article","high","false","Pellicole per vetri adesive","https://www.solarisfilms.it/post-sitemap.xml"
"https://www.solarisfilms.it/approfondimenti/come-migliorare-comfort-uffici-vetrati/","/approfondimenti/come-migliorare-comfort-uffici-vetrati/","/blog/come-migliorare-comfort-uffici-vetrati/","article","high","false","Pellicole per vetri adesive","https://www.solarisfilms.it/post-sitemap.xml"
"https://www.solarisfilms.it/approfondimenti/guida-film-certificati-per-vetri/","/approfondimenti/guida-film-certificati-per-vetri/","/blog/guida-film-certificati-per-vetri/","article","high","false","Pellicole per vetri adesive","https://www.solarisfilms.it/post-sitemap.xml"
"https://www.solarisfilms.it/approfondimenti/pellicole-solari-o-tende-tecniche/","/approfondimenti/pellicole-solari-o-tende-tecniche/","/blog/pellicole-solari-o-tende-tecniche/","article","high","false","Pellicole per vetri adesive","https://www.solarisfilms.it/post-sitemap.xml"
"https://www.solarisfilms.it/approfondimenti/pellicole-sicurezza-sono-a-norma-scuole/","/approfondimenti/pellicole-sicurezza-sono-a-norma-scuole/","/blog/pellicole-sicurezza-sono-a-norma-scuole/","article","high","false","Pellicole per vetri adesive","https://www.solarisfilms.it/post-sitemap.xml"
"https://www.solarisfilms.it/approfondimenti/pellicole-antisolari-vs-vetri-basso-emissivi/","/approfondimenti/pellicole-antisolari-vs-vetri-basso-emissivi/","/blog/pellicole-antisolari-vs-vetri-basso-emissivi/","article","high","false","Pellicole per vetri adesive","https://www.solarisfilms.it/post-sitemap.xml"
"https://www.solarisfilms.it/approfondimenti/preventivo-pellicole-vetri-in-24h/","/approfondimenti/preventivo-pellicole-vetri-in-24h/","/blog/preventivo-pellicole-vetri-in-24h/","article","high","false","Pellicole per vetri adesive","https://www.solarisfilms.it/post-sitemap.xml"
"https://www.solarisfilms.it/approfondimenti/calcolo-risparmio-energetico-pellicole-solari/","/approfondimenti/calcolo-risparmio-energetico-pellicole-solari/","/blog/calcolo-risparmio-energetico-pellicole-solari/","article","high","false","Pellicole per vetri adesive","https://www.solarisfilms.it/post-sitemap.xml"
"https://www.solarisfilms.it/approfondimenti/garanzia-decennale-pellicole-per-vetri/","/approfondimenti/garanzia-decennale-pellicole-per-vetri/","/blog/garanzia-decennale-pellicole-per-vetri/","article","high","false","Pellicole per vetri adesive","https://www.solarisfilms.it/post-sitemap.xml"
"https://www.solarisfilms.it/approfondimenti/pellicole-termoisolanti-per-infissi-esistenti/","/approfondimenti/pellicole-termoisolanti-per-infissi-esistenti/","/blog/pellicole-termoisolanti-per-infissi-esistenti/","article","high","false","Pellicole per vetri adesive","https://www.solarisfilms.it/post-sitemap.xml"
"https://www.solarisfilms.it/approfondimenti/pellicole-schermatura-solare-per-vetrate-sud/","/approfondimenti/pellicole-schermatura-solare-per-vetrate-sud/","/blog/pellicole-schermatura-solare-per-vetrate-sud/","article","high","false","Pellicole per vetri adesive","https://www.solarisfilms.it/post-sitemap.xml"
"https://www.solarisfilms.it/approfondimenti/ridurre-abbagliamento-vetrate-senza-tende/","/approfondimenti/ridurre-abbagliamento-vetrate-senza-tende/","/blog/ridurre-abbagliamento-vetrate-senza-tende/","article","high","false","Pellicole per vetri adesive","https://www.solarisfilms.it/post-sitemap.xml"
"https://www.solarisfilms.it/approfondimenti/guida-scelta-pellicole-per-scuole/","/approfondimenti/guida-scelta-pellicole-per-scuole/","/blog/guida-scelta-pellicole-per-scuole/","article","high","false","Pellicole per vetri adesive","https://www.solarisfilms.it/post-sitemap.xml"
"https://www.solarisfilms.it/approfondimenti/migliori-film-sicurezza-vetrate-scuole/","/approfondimenti/migliori-film-sicurezza-vetrate-scuole/","/blog/migliori-film-sicurezza-vetrate-scuole/","article","high","false","Pellicole per vetri adesive","https://www.solarisfilms.it/post-sitemap.xml"
"https://www.solarisfilms.it/approfondimenti/esempio-riduzione-consumi-con-pellicole/","/approfondimenti/esempio-riduzione-consumi-con-pellicole/","/blog/esempio-riduzione-consumi-con-pellicole/","article","high","false","Pellicole per vetri adesive","https://www.solarisfilms.it/post-sitemap.xml"
"https://www.solarisfilms.it/approfondimenti/vetri-sicurezza-scuole/","/approfondimenti/vetri-sicurezza-scuole/","/blog/vetri-sicurezza-scuole/","article","high","false","Pellicole per vetri adesive","https://www.solarisfilms.it/post-sitemap.xml"
"https://www.solarisfilms.it/approfondimenti/pellicola-sicurezza-o-sostituzione-vetro/","/approfondimenti/pellicola-sicurezza-o-sostituzione-vetro/","/blog/pellicola-sicurezza-o-sostituzione-vetro/","article","high","false","Pellicole per vetri adesive","https://www.solarisfilms.it/post-sitemap.xml"
"https://www.solarisfilms.it/","/","/","home","high","false","Pellicole per vetri","https://www.solarisfilms.it/page-sitemap.xml"
"https://www.solarisfilms.it/pellicole-per-vetri/pellicole-per-vetri/faq/","/pellicole-per-vetri/pellicole-per-vetri/faq/","/faq/","faq","high","false","FAQ","https://www.solarisfilms.it/page-sitemap.xml"
"https://www.solarisfilms.it/pellicole-per-vetri/guida-tecnica-pellicole-per-vetri-antisolari-sicurezza-e-privacy/","/pellicole-per-vetri/guida-tecnica-pellicole-per-vetri-antisolari-sicurezza-e-privacy/","/guida-tecnica/","guide","high","false","Guida tecnica pellicole per vetri: antisolari, sicurezza e privacy","https://www.solarisfilms.it/page-sitemap.xml"
"https://www.solarisfilms.it/pellicole-per-vetri/llms-txt/","/pellicole-per-vetri/llms-txt/","/llms.txt","utility","high","false","llms.txt","https://www.solarisfilms.it/page-sitemap.xml"
"https://www.solarisfilms.it/pellicole-per-vetri/zoho-callback/","/pellicole-per-vetri/zoho-callback/","/zoho-callback/","utility","high","false","Zoho Callback","https://www.solarisfilms.it/page-sitemap.xml"
"https://www.solarisfilms.it/pellicole-per-vetri/false-parent/","/pellicole-per-vetri/false-parent/","/false-parent/","utility","high","false","false parent","https://www.solarisfilms.it/page-sitemap.xml"
"https://www.solarisfilms.it/pellicole-per-vetri/thank-you/","/pellicole-per-vetri/thank-you/","/grazie/","utility","high","false","","https://www.solarisfilms.it/page-sitemap.xml"
"https://www.solarisfilms.it/pellicole-per-vetri/pellicole-per-vetri/","/pellicole-per-vetri/pellicole-per-vetri/","/servizi/","service-index","high","false","Pellicole per vetri","https://www.solarisfilms.it/page-sitemap.xml"
"https://www.solarisfilms.it/pellicole-per-vetri/contact/","/pellicole-per-vetri/contact/","/contatti/","page","high","false","Contattaci","https://www.solarisfilms.it/page-sitemap.xml"
"https://www.solarisfilms.it/pellicole-per-vetri/pellicole-per-vetri/preventivo/","/pellicole-per-vetri/pellicole-per-vetri/preventivo/","/preventivo/","page","high","false","Richiedi preventivo","https://www.solarisfilms.it/page-sitemap.xml"
"https://www.solarisfilms.it/pellicole-per-vetri/privacy-policy/","/pellicole-per-vetri/privacy-policy/","/privacy-policy/","legal","high","false","Privacy Policy","https://www.solarisfilms.it/page-sitemap.xml"
"https://www.solarisfilms.it/pellicole-per-vetri/profilo-solaris/","/pellicole-per-vetri/profilo-solaris/","/profilo-solaris/","company","high","false","SOLARIS FILMS","https://www.solarisfilms.it/page-sitemap.xml"
"https://www.solarisfilms.it/pellicole-per-vetri/pellicole-per-vetri/about/","/pellicole-per-vetri/pellicole-per-vetri/about/","/chi-siamo/","company","high","false","Chi siamo?","https://www.solarisfilms.it/page-sitemap.xml"
"https://www.solarisfilms.it/pellicole-per-vetri/le-pellicole-antisolari/","/pellicole-per-vetri/le-pellicole-antisolari/","/servizi/pellicole-antisolari/","category","high","false","Pellicole antisolari, anticalore e riflettenti","https://www.solarisfilms.it/pellicole-antisolari-sitemap.xml"
"https://www.solarisfilms.it/pellicole-per-vetri/le-pellicole-antisolari/madicosb20epssr/","/pellicole-per-vetri/le-pellicole-antisolari/madicosb20epssr/","/prodotti/madicosb20epssr/","product","high","false","Pellicola antisolare Madico SB 20 E PS SR 75 micron","https://www.solarisfilms.it/pellicole-antisolari-sitemap.xml"
"https://www.solarisfilms.it/pellicole-per-vetri/le-pellicole-antisolari/madicosb35epssr/","/pellicole-per-vetri/le-pellicole-antisolari/madicosb35epssr/","/prodotti/madicosb35epssr/","product","high","false","Pellicola antisolare Madico SB 35 E PS SR 75 micron","https://www.solarisfilms.it/pellicole-antisolari-sitemap.xml"
"https://www.solarisfilms.it/pellicole-per-vetri/le-pellicole-antisolari/tecnosolarnt20epssr/","/pellicole-per-vetri/le-pellicole-antisolari/tecnosolarnt20epssr/","/prodotti/tecnosolarnt20epssr/","product","high","false","Pellicola antisolare Tecnosolar NT 20 E PS SR","https://www.solarisfilms.it/pellicole-antisolari-sitemap.xml"
"https://www.solarisfilms.it/pellicole-per-vetri/le-pellicole-antisolari/madicosg20epssr/","/pellicole-per-vetri/le-pellicole-antisolari/madicosg20epssr/","/prodotti/madicosg20epssr/","product","high","false","Pellicola antisolare Madico SG 20 E PS SR 75 micron","https://www.solarisfilms.it/pellicole-antisolari-sitemap.xml"
"https://www.solarisfilms.it/pellicole-per-vetri/le-pellicole-antisolari/madicosl8epssr/","/pellicole-per-vetri/le-pellicole-antisolari/madicosl8epssr/","/prodotti/madicosl8epssr/","product","high","false","Pellicola antisolare Madico SL 8 E PS SR 75 Micron","https://www.solarisfilms.it/pellicole-antisolari-sitemap.xml"
"https://www.solarisfilms.it/pellicole-per-vetri/le-pellicole-antisolari/tecnosolarssn50tesr/","/pellicole-per-vetri/le-pellicole-antisolari/tecnosolarssn50tesr/","/prodotti/tecnosolarssn50tesr/","product","high","false","Pellicola antisolare Tecnosolar SSN 50 TE SR","https://www.solarisfilms.it/pellicole-antisolari-sitemap.xml"
"https://www.solarisfilms.it/pellicole-per-vetri/le-pellicole-antisolari/madico-rs-20-e-ps-sr/","/pellicole-per-vetri/le-pellicole-antisolari/madico-rs-20-e-ps-sr/","/prodotti/madico-rs-20-e-ps-sr/","product","high","false","Pellicola antisolare Madico RS 20 e PS SR 75 Micron","https://www.solarisfilms.it/pellicole-antisolari-sitemap.xml"
"https://www.solarisfilms.it/pellicole-per-vetri/le-pellicole-antisolari/madico-rs-40-e-ps-sr/","/pellicole-per-vetri/le-pellicole-antisolari/madico-rs-40-e-ps-sr/","/prodotti/madico-rs-40-e-ps-sr/","product","high","false","Pellicola antisolare Madico RS 40 E PS SR 75 Micron","https://www.solarisfilms.it/pellicole-antisolari-sitemap.xml"
"https://www.solarisfilms.it/pellicole-per-vetri/pellicole-di-sicurezza/","/pellicole-per-vetri/pellicole-di-sicurezza/","/servizi/pellicole-sicurezza/","category","high","false","Pellicole di sicurezza","https://www.solarisfilms.it/pellicole-sicurezza-sitemap.xml"
"https://www.solarisfilms.it/pellicole-per-vetri/pellicole-di-sicurezza/madico-rs-20-ps-sr-4mil/","/pellicole-per-vetri/pellicole-di-sicurezza/madico-rs-20-ps-sr-4mil/","/prodotti/madico-rs-20-ps-sr-4mil/","product","high","false","Pellicola antisolare di sicurezza RS 20 PS SR 4 MIL","https://www.solarisfilms.it/pellicole-sicurezza-sitemap.xml"
"https://www.solarisfilms.it/pellicole-per-vetri/pellicole-di-sicurezza/madico-rs-20-ps-sr-8-mil/","/pellicole-per-vetri/pellicole-di-sicurezza/madico-rs-20-ps-sr-8-mil/","/prodotti/madico-rs-20-ps-sr-8-mil/","product","high","false","Pellicola antisolare di sicurezza RS 20 PS SR 8 MIL","https://www.solarisfilms.it/pellicole-sicurezza-sitemap.xml"
"https://www.solarisfilms.it/pellicole-per-vetri/pellicole-di-sicurezza/madico-rs-40-ps-sr-4-mil/","/pellicole-per-vetri/pellicole-di-sicurezza/madico-rs-40-ps-sr-4-mil/","/prodotti/madico-rs-40-ps-sr-4-mil/","product","high","false","Pellicola antisolare di sicurezza RS 40 PS SR 4 MIL","https://www.solarisfilms.it/pellicole-sicurezza-sitemap.xml"
"https://www.solarisfilms.it/pellicole-per-vetri/pellicole-di-sicurezza/madico-rs-40-ps-sr-8-mil/","/pellicole-per-vetri/pellicole-di-sicurezza/madico-rs-40-ps-sr-8-mil/","/prodotti/madico-rs-40-ps-sr-8-mil/","product","high","false","Pellicola antisolare di sicurezza RS 40 PS SR 8 MIL","https://www.solarisfilms.it/pellicole-sicurezza-sitemap.xml"
"https://www.solarisfilms.it/pellicole-per-vetri/pellicole-di-sicurezza/madico-cl-400-ps-sr/","/pellicole-per-vetri/pellicole-di-sicurezza/madico-cl-400-ps-sr/","/prodotti/madico-cl-400-ps-sr/","product","high","false","Pellicola di sicurezza Madico CL 400 PS SR","https://www.solarisfilms.it/pellicole-sicurezza-sitemap.xml"
"https://www.solarisfilms.it/pellicole-per-vetri/pellicole-di-sicurezza/madico-cl-400-e-ps-sr/","/pellicole-per-vetri/pellicole-di-sicurezza/madico-cl-400-e-ps-sr/","/prodotti/madico-cl-400-e-ps-sr/","product","high","false","Pellicola di sicurezza Madico CL 400 E PS SR","https://www.solarisfilms.it/pellicole-sicurezza-sitemap.xml"
"https://www.solarisfilms.it/pellicole-per-vetri/pellicole-di-sicurezza/madico-cl-700-ps-sr/","/pellicole-per-vetri/pellicole-di-sicurezza/madico-cl-700-ps-sr/","/prodotti/madico-cl-700-ps-sr/","product","high","false","Pellicola di sicurezza Madico CL 700 PS SR","https://www.solarisfilms.it/pellicole-sicurezza-sitemap.xml"
"https://www.solarisfilms.it/pellicole-per-vetri/pellicole-di-sicurezza/madico-cl-700-e-ps-sr/","/pellicole-per-vetri/pellicole-di-sicurezza/madico-cl-700-e-ps-sr/","/prodotti/madico-cl-700-e-ps-sr/","product","high","false","Pellicola di sicurezza Madico CL 700 E PS SR","https://www.solarisfilms.it/pellicole-sicurezza-sitemap.xml"
"https://www.solarisfilms.it/pellicole-per-vetri/pellicole-di-sicurezza/madico-safetyshield-800/","/pellicole-per-vetri/pellicole-di-sicurezza/madico-safetyshield-800/","/prodotti/madico-safetyshield-800/","product","high","false","Pellicola di sicurezza Madico Safetyshield 800","https://www.solarisfilms.it/pellicole-sicurezza-sitemap.xml"
"https://www.solarisfilms.it/pellicole-per-vetri/pellicole-di-sicurezza/madico-safetyshield-1500/","/pellicole-per-vetri/pellicole-di-sicurezza/madico-safetyshield-1500/","/prodotti/madico-safetyshield-1500/","product","high","false","Pellicola di sicurezza Madico Safetyshield 1500","https://www.solarisfilms.it/pellicole-sicurezza-sitemap.xml"
"https://www.solarisfilms.it/pellicole-per-vetri/pellicole-di-sicurezza/madico-gullwing/","/pellicole-per-vetri/pellicole-di-sicurezza/madico-gullwing/","/prodotti/madico-gullwing/","product","high","false","Sistema di ancoraggio GullWing","https://www.solarisfilms.it/pellicole-sicurezza-sitemap.xml"
"https://www.solarisfilms.it/pellicole-per-vetri/pellicole-decorative-per-vetri/","/pellicole-per-vetri/pellicole-decorative-per-vetri/","/servizi/pellicole-decorative/","category","high","false","Pellicole decorative per vetri","https://www.solarisfilms.it/pellicole-privacy-sitemap.xml"
"https://www.solarisfilms.it/pellicole-per-vetri/pellicole-decorative-per-vetri/vetrofanie/","/pellicole-per-vetri/pellicole-decorative-per-vetri/vetrofanie/","/prodotti/vetrofanie/","product","high","false","Vetrofanie, una soluzione pratica e di design","https://www.solarisfilms.it/pellicole-privacy-sitemap.xml"
"https://www.solarisfilms.it/pellicole-per-vetri/pellicole-decorative-per-vetri/madico-mt-200-xw/","/pellicole-per-vetri/pellicole-decorative-per-vetri/madico-mt-200-xw/","/prodotti/madico-mt-200-xw/","product","high","false","Pellicola privacy Madico MT 200 XW","https://www.solarisfilms.it/pellicole-privacy-sitemap.xml"
"https://www.solarisfilms.it/servizio-locale/","/servizio-locale/","/servizio-locale/","local-index","high","false","Archivi: Servizi locali","https://www.solarisfilms.it/servizio-locale-sitemap.xml"
"https://www.solarisfilms.it/servizio-locale/pellicole-per-vetri-venezia/","/servizio-locale/pellicole-per-vetri-venezia/","/servizio-locale/venezia/","local-service","high","false","Pellicole per vetri adesive","https://www.solarisfilms.it/servizio-locale-sitemap.xml"
"https://www.solarisfilms.it/servizio-locale/pellicole-per-vetri-udine/","/servizio-locale/pellicole-per-vetri-udine/","/servizio-locale/udine/","local-service","high","false","Pellicole per vetri adesive","https://www.solarisfilms.it/servizio-locale-sitemap.xml"
"https://www.solarisfilms.it/servizio-locale/pellicole-per-vetri-ancona/","/servizio-locale/pellicole-per-vetri-ancona/","/servizio-locale/ancona/","local-service","high","false","Pellicole per vetri adesive","https://www.solarisfilms.it/servizio-locale-sitemap.xml"
"https://www.solarisfilms.it/servizio-locale/pellicole-per-vetri-aosta/","/servizio-locale/pellicole-per-vetri-aosta/","/servizio-locale/aosta/","local-service","high","false","Pellicole per vetri adesive","https://www.solarisfilms.it/servizio-locale-sitemap.xml"
"https://www.solarisfilms.it/servizio-locale/pellicole-per-vetri-bari/","/servizio-locale/pellicole-per-vetri-bari/","/servizio-locale/bari/","local-service","high","false","Pellicole per vetri adesive","https://www.solarisfilms.it/servizio-locale-sitemap.xml"
"https://www.solarisfilms.it/servizio-locale/pellicole-per-vetri-bologna/","/servizio-locale/pellicole-per-vetri-bologna/","/servizio-locale/bologna/","local-service","high","false","Pellicole per vetri adesive","https://www.solarisfilms.it/servizio-locale-sitemap.xml"
"https://www.solarisfilms.it/servizio-locale/pellicole-per-vetri-campobasso/","/servizio-locale/pellicole-per-vetri-campobasso/","/servizio-locale/campobasso/","local-service","high","false","Pellicole per vetri adesive","https://www.solarisfilms.it/servizio-locale-sitemap.xml"
"https://www.solarisfilms.it/servizio-locale/pellicole-per-vetri-catanzaro/","/servizio-locale/pellicole-per-vetri-catanzaro/","/servizio-locale/catanzaro/","local-service","high","false","Pellicole per vetri adesive","https://www.solarisfilms.it/servizio-locale-sitemap.xml"
"https://www.solarisfilms.it/servizio-locale/pellicole-per-vetri-cosenza/","/servizio-locale/pellicole-per-vetri-cosenza/","/servizio-locale/cosenza/","local-service","high","false","Pellicole per vetri adesive","https://www.solarisfilms.it/servizio-locale-sitemap.xml"
"https://www.solarisfilms.it/servizio-locale/pellicole-per-vetri-firenze/","/servizio-locale/pellicole-per-vetri-firenze/","/servizio-locale/firenze/","local-service","high","false","Pellicole per vetri adesive","https://www.solarisfilms.it/servizio-locale-sitemap.xml"
"https://www.solarisfilms.it/servizio-locale/pellicole-per-vetri-genova/","/servizio-locale/pellicole-per-vetri-genova/","/servizio-locale/genova/","local-service","high","false","Pellicole per vetri adesive","https://www.solarisfilms.it/servizio-locale-sitemap.xml"
"https://www.solarisfilms.it/servizio-locale/pellicole-per-vetri-laquila/","/servizio-locale/pellicole-per-vetri-laquila/","/servizio-locale/laquila/","local-service","high","false","Pellicole per vetri adesive","https://www.solarisfilms.it/servizio-locale-sitemap.xml"
"https://www.solarisfilms.it/servizio-locale/pellicole-per-vetri-milano/","/servizio-locale/pellicole-per-vetri-milano/","/servizio-locale/milano/","local-service","high","false","Pellicole per vetri adesive","https://www.solarisfilms.it/servizio-locale-sitemap.xml"
"https://www.solarisfilms.it/servizio-locale/pellicole-per-vetri-napoli/","/servizio-locale/pellicole-per-vetri-napoli/","/servizio-locale/napoli/","local-service","high","false","Pellicole per vetri adesive","https://www.solarisfilms.it/servizio-locale-sitemap.xml"
"https://www.solarisfilms.it/servizio-locale/pellicole-per-vetri-palermo/","/servizio-locale/pellicole-per-vetri-palermo/","/servizio-locale/palermo/","local-service","high","false","Pellicole per vetri adesive","https://www.solarisfilms.it/servizio-locale-sitemap.xml"
"https://www.solarisfilms.it/servizio-locale/pellicole-per-vetri-perugia/","/servizio-locale/pellicole-per-vetri-perugia/","/servizio-locale/perugia/","local-service","high","false","Pellicole per vetri adesive","https://www.solarisfilms.it/servizio-locale-sitemap.xml"
"https://www.solarisfilms.it/servizio-locale/pellicole-per-vetri-potenza/","/servizio-locale/pellicole-per-vetri-potenza/","/servizio-locale/potenza/","local-service","high","false","Pellicole per vetri adesive","https://www.solarisfilms.it/servizio-locale-sitemap.xml"
"https://www.solarisfilms.it/servizio-locale/pellicole-per-vetri-roma/","/servizio-locale/pellicole-per-vetri-roma/","/servizio-locale/roma/","local-service","high","false","Pellicole per vetri adesive","https://www.solarisfilms.it/servizio-locale-sitemap.xml"
"https://www.solarisfilms.it/servizio-locale/pellicole-per-vetri-romagna/","/servizio-locale/pellicole-per-vetri-romagna/","/servizio-locale/romagna/","local-service","high","false","Pellicole per vetri adesive","https://www.solarisfilms.it/servizio-locale-sitemap.xml"
"https://www.solarisfilms.it/servizio-locale/pellicole-per-vetri-torino/","/servizio-locale/pellicole-per-vetri-torino/","/servizio-locale/torino/","local-service","high","false","Pellicole per vetri adesive","https://www.solarisfilms.it/servizio-locale-sitemap.xml"
"https://www.solarisfilms.it/servizio-locale/pellicole-per-vetri-trento/","/servizio-locale/pellicole-per-vetri-trento/","/servizio-locale/trento/","local-service","high","false","Pellicole per vetri adesive","https://www.solarisfilms.it/servizio-locale-sitemap.xml"
"https://www.solarisfilms.it/servizio-locale/pellicole-per-vetri-trieste/","/servizio-locale/pellicole-per-vetri-trieste/","/servizio-locale/trieste/","local-service","high","false","Pellicole per vetri adesive","https://www.solarisfilms.it/servizio-locale-sitemap.xml"
"https://www.solarisfilms.it/pagina-info/","/pagina-info/","/info/","info-index","high","false","Archivi: Pagine info","https://www.solarisfilms.it/pagine-info-sitemap.xml"
"https://www.solarisfilms.it/pagina-info/norme/","/pagina-info/norme/","/info/norme/","info","high","false","Norme","https://www.solarisfilms.it/pagine-info-sitemap.xml"
"https://www.solarisfilms.it/pagina-info/norma-brc/","/pagina-info/norma-brc/","/info/norma-brc/","info","high","false","Norma BRC","https://www.solarisfilms.it/pagine-info-sitemap.xml"
"https://www.solarisfilms.it/pagina-info/sicurezza-a-norma-di-legge/","/pagina-info/sicurezza-a-norma-di-legge/","/info/sicurezza-a-norma-di-legge/","info","high","false","Sicurezza a norma di legge","https://www.solarisfilms.it/pagine-info-sitemap.xml"
"https://www.solarisfilms.it/pagina-info/testo-unico-sulla-salute-e-sicurezza-sul-lavoro/","/pagina-info/testo-unico-sulla-salute-e-sicurezza-sul-lavoro/","/info/testo-unico-sulla-salute-e-sicurezza-sul-lavoro/","info","high","false","Testo unico sulla salute e sicurezza sul lavoro ​","https://www.solarisfilms.it/pagine-info-sitemap.xml"
"https://www.solarisfilms.it/pagina-info/sistemi-filtranti-dpr-59-09/","/pagina-info/sistemi-filtranti-dpr-59-09/","/info/sistemi-filtranti-dpr-59-09/","info","high","false","Sistemi filtranti Dpr. 59/09","https://www.solarisfilms.it/pagine-info-sitemap.xml"
"https://www.solarisfilms.it/pagina-info/istruzioni-e-manutenzione/","/pagina-info/istruzioni-e-manutenzione/","/info/istruzioni-e-manutenzione/","info","high","false","Istruzione e manutenzione","https://www.solarisfilms.it/pagine-info-sitemap.xml"
"https://www.solarisfilms.it/pagina-info/garanzie/","/pagina-info/garanzie/","/info/garanzie/","info","high","false","Garanzie","https://www.solarisfilms.it/pagine-info-sitemap.xml"
"https://www.solarisfilms.it/pagina-info/certificazione-nfrc/","/pagina-info/certificazione-nfrc/","/info/certificazione-nfrc/","info","high","false","Certificazione NFRC","https://www.solarisfilms.it/pagine-info-sitemap.xml"
"https://www.solarisfilms.it/pagina-info/i-punti-di-forza/","/pagina-info/i-punti-di-forza/","/info/i-punti-di-forza/","info","high","false","I punti di forza","https://www.solarisfilms.it/pagine-info-sitemap.xml"
"https://www.solarisfilms.it/pagina-info/glossario-termini/","/pagina-info/glossario-termini/","/info/glossario-termini/","info","high","false","Glossario termini","https://www.solarisfilms.it/pagine-info-sitemap.xml"
"https://www.solarisfilms.it/pellicole-antisolari-sputtered/","/pellicole-antisolari-sputtered/","/focus-tecnico/pellicole-antisolari-sputtered/","technical-focus","high","false","Pellicole Antisolari Sputtered","https://www.solarisfilms.it/focus-tecnico-sitemap.xml"
"https://www.solarisfilms.it/pellicole-antisolari-sunscape/","/pellicole-antisolari-sunscape/","/focus-tecnico/pellicole-antisolari-sunscape/","technical-focus","high","false","Pellicole antisolari sunscape","https://www.solarisfilms.it/focus-tecnico-sitemap.xml"
"https://www.solarisfilms.it/pellicole-oscuranti-per-vetri/","/pellicole-oscuranti-per-vetri/","/focus-tecnico/pellicole-oscuranti-per-vetri/","technical-focus","high","false","Pellicole oscuranti per vetri","https://www.solarisfilms.it/focus-tecnico-sitemap.xml"
"https://www.solarisfilms.it/pellicole-riflettenti/","/pellicole-riflettenti/","/focus-tecnico/pellicole-riflettenti/","technical-focus","high","false","Pellicole riflettenti","https://www.solarisfilms.it/focus-tecnico-sitemap.xml"
"https://www.solarisfilms.it/pellicole-spettro-selettive/","/pellicole-spettro-selettive/","/focus-tecnico/pellicole-spettro-selettive/","technical-focus","high","false","Pellicole spettro selettive","https://www.solarisfilms.it/focus-tecnico-sitemap.xml"
"https://www.solarisfilms.it/pellicole-antigraffiti-per-vetri-la-serie-graffiti-free/","/pellicole-antigraffiti-per-vetri-la-serie-graffiti-free/","/focus-tecnico/pellicole-antigraffiti-per-vetri-la-serie-graffiti-free/","technical-focus","high","false","Pellicole antigraffiti per vetri: la serie Graffiti Free","https://www.solarisfilms.it/focus-tecnico-sitemap.xml"
"https://www.solarisfilms.it/pellicole-termoisolanti/","/pellicole-termoisolanti/","/focus-tecnico/pellicole-termoisolanti/","technical-focus","high","false","Pellicole termoisolanti","https://www.solarisfilms.it/focus-tecnico-sitemap.xml"
"https://www.solarisfilms.it/pellicole-di-sicurezza/","/pellicole-di-sicurezza/","/focus-tecnico/pellicole-di-sicurezza/","technical-focus","high","false","Pellicole di sicurezza","https://www.solarisfilms.it/focus-tecnico-sitemap.xml"
"https://www.solarisfilms.it/pellicole-decorative/","/pellicole-decorative/","/focus-tecnico/pellicole-decorative/","technical-focus","high","false","Pellicole decorative","https://www.solarisfilms.it/focus-tecnico-sitemap.xml"
"https://www.solarisfilms.it/pellicole-antisolari/","/pellicole-antisolari/","/focus-tecnico/pellicole-antisolari/","technical-focus","high","false","Pellicole Antisolari","https://www.solarisfilms.it/focus-tecnico-sitemap.xml"
"https://www.solarisfilms.it/pellicole-antisolari-di-sicurezza-la-serie-rs/","/pellicole-antisolari-di-sicurezza-la-serie-rs/","/focus-tecnico/pellicole-antisolari-di-sicurezza-la-serie-rs/","technical-focus","high","false","Pellicole antisolari di sicurezza, la serie RS","https://www.solarisfilms.it/focus-tecnico-sitemap.xml"
"https://www.solarisfilms.it/pellicole-decorative-privacy/","/pellicole-decorative-privacy/","/focus-tecnico/pellicole-decorative-privacy/","technical-focus","high","false","Pellicole decorative privacy","https://www.solarisfilms.it/focus-tecnico-sitemap.xml"
"https://www.solarisfilms.it/pellicole-antisolari-stampabili-e-vetrofanie/","/pellicole-antisolari-stampabili-e-vetrofanie/","/focus-tecnico/pellicole-antisolari-stampabili-e-vetrofanie/","technical-focus","high","false","Pellicole antisolari stampabili e vetrofanie","https://www.solarisfilms.it/focus-tecnico-sitemap.xml"
"https://www.solarisfilms.it/pellicole-di-sicurezza-antiesplosione-la-serie-safetyshield/","/pellicole-di-sicurezza-antiesplosione-la-serie-safetyshield/","/focus-tecnico/pellicole-di-sicurezza-antiesplosione-la-serie-safetyshield/","technical-focus","high","false","Pellicole di sicurezza antiesplosione, la serie SafetyShield","https://www.solarisfilms.it/focus-tecnico-sitemap.xml"
"https://www.solarisfilms.it/pellicole-di-sicurezza-neutre-la-serie-cl/","/pellicole-di-sicurezza-neutre-la-serie-cl/","/focus-tecnico/pellicole-di-sicurezza-neutre-la-serie-cl/","technical-focus","high","false","Pellicole di sicurezza neutre, la serie CL","https://www.solarisfilms.it/focus-tecnico-sitemap.xml"
"https://www.solarisfilms.it/approfondimenti/category/approfondimenti/","/approfondimenti/category/approfondimenti/","/blog/categoria/approfondimenti/","blog-category","high","false","Categoria: Approfondimenti","https://www.solarisfilms.it/category-sitemap.xml"
"https://www.solarisfilms.it/approfondimenti/tipo-pellicola/antiesplosione/","/approfondimenti/tipo-pellicola/antiesplosione/","/blog/tipo-pellicola/antiesplosione/","film-type","high","false","Tipo Pellicola: Antiesplosione","https://www.solarisfilms.it/tipo-pellicola-sitemap.xml"
"https://www.solarisfilms.it/approfondimenti/tipo-pellicola/antisfondamento/","/approfondimenti/tipo-pellicola/antisfondamento/","/blog/tipo-pellicola/antisfondamento/","film-type","high","false","Tipo Pellicola: Antisfondamento","https://www.solarisfilms.it/tipo-pellicola-sitemap.xml"
"https://www.solarisfilms.it/approfondimenti/tipo-pellicola/riflettenti/","/approfondimenti/tipo-pellicola/riflettenti/","/blog/tipo-pellicola/riflettenti/","film-type","high","false","Tipo Pellicola: Riflettenti","https://www.solarisfilms.it/tipo-pellicola-sitemap.xml"
"https://www.solarisfilms.it/approfondimenti/tipo-pellicola/spettroselettive/","/approfondimenti/tipo-pellicola/spettroselettive/","/blog/tipo-pellicola/spettroselettive/","film-type","high","false","Tipo Pellicola: Spettroselettive","https://www.solarisfilms.it/tipo-pellicola-sitemap.xml"
"https://www.solarisfilms.it/approfondimenti/tipo-pellicola/sputtered/","/approfondimenti/tipo-pellicola/sputtered/","/blog/tipo-pellicola/sputtered/","film-type","high","false","Tipo Pellicola: Sputtered","https://www.solarisfilms.it/tipo-pellicola-sitemap.xml"
"https://www.solarisfilms.it/approfondimenti/tipo-pellicola/sunscape/","/approfondimenti/tipo-pellicola/sunscape/","/blog/tipo-pellicola/sunscape/","film-type","high","false","Tipo Pellicola: Sunscape","https://www.solarisfilms.it/tipo-pellicola-sitemap.xml"
"https://www.solarisfilms.it/approfondimenti/author/j-cappelli/","/approfondimenti/author/j-cappelli/","/blog/autore/j-cappelli/","author","high","false","Autore: James Cappelli","https://www.solarisfilms.it/author-sitemap.xml"
"https://www.solarisfilms.it/approfondimenti/author/site-admin/","/approfondimenti/author/site-admin/","/blog/autore/site-admin/","author","high","false","Autore: site-admin","https://www.solarisfilms.it/author-sitemap.xml"
"https://www.solarisfilms.it/approfondimenti/author/fabio-meucci/","/approfondimenti/author/fabio-meucci/","/blog/autore/fabio-meucci/","author","high","false","Autore: Fabio Meucci","https://www.solarisfilms.it/author-sitemap.xml"
