"live_url","live_path","final_action","final_destination","content_type","seo_risk","note","title"
"https://www.solarisfilms.it/approfondimenti/pellicole-vetri-fake-news/","/approfondimenti/pellicole-vetri-fake-news/","301_TO_ARTICLE","/lo-sapevi-che/pellicole-vetri-fake-news/","article","medio-basso","Articolo/import Lo sapevi che presente nel nuovo sito.","PELLICOLE PER VETRI E FAKE NEWS — Solaris Films"
"https://www.solarisfilms.it/approfondimenti/pellicole-fotocromatiche/","/approfondimenti/pellicole-fotocromatiche/","410_GONE","","","basso se confermato no-value","Eliminazione controllata: contenuto escluso dalle regole Solaris o pagina interna/no-value.",""
"https://www.solarisfilms.it/approfondimenti/approfondimenti-antisolare/","/approfondimenti/approfondimenti-antisolare/","301_TO_ARTICLE","/lo-sapevi-che/approfondimenti-antisolare/","article","medio-basso","Articolo/import Lo sapevi che presente nel nuovo sito.","PELLICOLE ANTISOLARI — Solaris Films"
"https://www.solarisfilms.it/approfondimenti/approfondimenti-sicurezza/","/approfondimenti/approfondimenti-sicurezza/","301_TO_ARTICLE","/lo-sapevi-che/approfondimenti-sicurezza/","article","medio-basso","Articolo/import Lo sapevi che presente nel nuovo sito.","PELLICOLE PER VETRI E SICUREZZA — Solaris Films"
"https://www.solarisfilms.it/approfondimenti/approfondimenti-design/","/approfondimenti/approfondimenti-design/","301_TO_ARTICLE","/lo-sapevi-che/approfondimenti-design/","article","medio-basso","Articolo/import Lo sapevi che presente nel nuovo sito.","Design delle pellicole per vetri — Solaris Films"
"https://www.solarisfilms.it/approfondimenti/energia-solare-e-vlt/","/approfondimenti/energia-solare-e-vlt/","301_TO_ARTICLE","/lo-sapevi-che/energia-solare-e-vlt/","article","medio-basso","Articolo/import Lo sapevi che presente nel nuovo sito.","ENERGIA SOLARE E VLT — Solaris Films"
"https://www.solarisfilms.it/approfondimenti/pellicola-adesiva-specchio/","/approfondimenti/pellicola-adesiva-specchio/","301_TO_ARTICLE","/lo-sapevi-che/pellicola-adesiva-specchio/","article","medio-basso","Articolo/import Lo sapevi che presente nel nuovo sito.","PELLICOLA ADESIVA SPECCHIO — Solaris Films"
"https://www.solarisfilms.it/approfondimenti/pellicola-anti-uv/","/approfondimenti/pellicola-anti-uv/","301_TO_ARTICLE","/lo-sapevi-che/pellicola-anti-uv/","article","medio-basso","Articolo/import Lo sapevi che presente nel nuovo sito.","PELLICOLA ANTI UV — Solaris Films"
"https://www.solarisfilms.it/approfondimenti/pellicola-oscurante-vetri/","/approfondimenti/pellicola-oscurante-vetri/","301_TO_ARTICLE","/lo-sapevi-che/pellicola-oscurante-vetri/","article","medio-basso","Articolo/import Lo sapevi che presente nel nuovo sito.","PELLICOLA OSCURANTE VETRI — Solaris Films"
"https://www.solarisfilms.it/approfondimenti/pellicola-oscurante-vetro/","/approfondimenti/pellicola-oscurante-vetro/","301_TO_ARTICLE","/lo-sapevi-che/pellicola-oscurante-vetro/","article","medio-basso","Articolo/import Lo sapevi che presente nel nuovo sito.","PELLICOLA OSCURANTE VETRO — Solaris Films"
"https://www.solarisfilms.it/approfondimenti/pellicola-per-vetri-anti-sguardo/","/approfondimenti/pellicola-per-vetri-anti-sguardo/","301_TO_ARTICLE","/lo-sapevi-che/pellicola-per-vetri-anti-sguardo/","article","medio-basso","Articolo/import Lo sapevi che presente nel nuovo sito.","PELLICOLA PER VETRI ANTI SGUARDO — Solaris Films"
"https://www.solarisfilms.it/approfondimenti/pellicola-per-vetri-casa/","/approfondimenti/pellicola-per-vetri-casa/","301_TO_ARTICLE","/lo-sapevi-che/pellicola-per-vetri-casa/","article","medio-basso","Articolo/import Lo sapevi che presente nel nuovo sito.","PELLICOLA PER VETRI CASA — Solaris Films"
"https://www.solarisfilms.it/approfondimenti/pellicole-di-sicurezza-per-vetri/","/approfondimenti/pellicole-di-sicurezza-per-vetri/","301_TO_ARTICLE","/lo-sapevi-che/pellicole-di-sicurezza-per-vetri/","article","medio-basso","Articolo/import Lo sapevi che presente nel nuovo sito.","PELLICOLE DI SICUREZZA PER VETRI — Solaris Films"
"https://www.solarisfilms.it/approfondimenti/pellicola-vetro/","/approfondimenti/pellicola-vetro/","301_TO_ARTICLE","/lo-sapevi-che/pellicola-vetro/","article","medio-basso","Articolo/import Lo sapevi che presente nel nuovo sito.","PELLICOLA VETRO — Solaris Films"
"https://www.solarisfilms.it/approfondimenti/pellicole-oscuranti/","/approfondimenti/pellicole-oscuranti/","301_TO_ARTICLE","/lo-sapevi-che/pellicole-oscuranti/","article","medio-basso","Articolo/import Lo sapevi che presente nel nuovo sito.","PELLICOLE OSCURANTI — Solaris Films"
"https://www.solarisfilms.it/approfondimenti/pellicola-satinata-per-vetri/","/approfondimenti/pellicola-satinata-per-vetri/","301_TO_ARTICLE","/lo-sapevi-che/pellicola-satinata-per-vetri/","article","medio-basso","Articolo/import Lo sapevi che presente nel nuovo sito.","PELLICOLA SATINATA PER VETRI — Solaris Films"
"https://www.solarisfilms.it/approfondimenti/pellicola-specchio/","/approfondimenti/pellicola-specchio/","301_TO_ARTICLE","/lo-sapevi-che/pellicola-specchio/","article","medio-basso","Articolo/import Lo sapevi che presente nel nuovo sito.","PELLICOLA SPECCHIO — Solaris Films"
"https://www.solarisfilms.it/approfondimenti/pellicola-termica-per-vetri/","/approfondimenti/pellicola-termica-per-vetri/","301_TO_ARTICLE","/lo-sapevi-che/pellicola-termica-per-vetri/","article","medio-basso","Articolo/import Lo sapevi che presente nel nuovo sito.","PELLICOLA TERMICA PER VETRI — Solaris Films"
"https://www.solarisfilms.it/approfondimenti/pellicole-riflettenti-pro-e-contro/","/approfondimenti/pellicole-riflettenti-pro-e-contro/","301_TO_ARTICLE","/lo-sapevi-che/pellicole-riflettenti-pro-e-contro/","article","medio-basso","Articolo/import Lo sapevi che presente nel nuovo sito.","PELLICOLE RIFLETTENTI, PRO E CONTRO — Solaris Films"
"https://www.solarisfilms.it/approfondimenti/pellicole-per-vetri-di-qualita-vs-scadenti/","/approfondimenti/pellicole-per-vetri-di-qualita-vs-scadenti/","301_TO_ARTICLE","/lo-sapevi-che/pellicole-per-vetri-di-qualita-vs-scadenti/","article","medio-basso","Articolo/import Lo sapevi che presente nel nuovo sito.","PELLICOLE PER VETRI DI QUALITÀ VS SCADENTI — Solaris Films"
"https://www.solarisfilms.it/approfondimenti/pellicole-per-vetri-e-fake-news/","/approfondimenti/pellicole-per-vetri-e-fake-news/","301_TO_ARTICLE","/lo-sapevi-che/pellicole-per-vetri-e-fake-news/","article","medio-basso","Articolo/import Lo sapevi che presente nel nuovo sito.","PELLICOLE PER VETRI E FAKE NEWS — Solaris Films"
"https://www.solarisfilms.it/approfondimenti/pellicole-per-vetri-comfort-sicurezza-privacy/","/approfondimenti/pellicole-per-vetri-comfort-sicurezza-privacy/","301_TO_ARTICLE","/lo-sapevi-che/pellicole-per-vetri-comfort-sicurezza-privacy/","article","medio-basso","Articolo/import Lo sapevi che presente nel nuovo sito.","Pellicole per vetri: comfort, sicurezza, privacy — Solaris F"
"https://www.solarisfilms.it/approfondimenti/pellicola-privacy-per-vetri-ufficio/","/approfondimenti/pellicola-privacy-per-vetri-ufficio/","301_TO_ARTICLE","/lo-sapevi-che/pellicola-privacy-per-vetri-ufficio/","article","medio-basso","Articolo/import Lo sapevi che presente nel nuovo sito.","Pellicola privacy per uffici: come sceglierla — Solaris Film"
"https://www.solarisfilms.it/approfondimenti/pellicole-satinate-per-vetri-bagno/","/approfondimenti/pellicole-satinate-per-vetri-bagno/","301_TO_ARTICLE","/lo-sapevi-che/pellicole-satinate-per-vetri-bagno/","article","medio-basso","Articolo/import Lo sapevi che presente nel nuovo sito.","Pellicole satinate bagno: come sceglierle — Solaris Films"
"https://www.solarisfilms.it/approfondimenti/come-ridurre-il-calore-dalle-vetrate/","/approfondimenti/come-ridurre-il-calore-dalle-vetrate/","301_TO_ARTICLE","/lo-sapevi-che/come-ridurre-il-calore-dalle-vetrate/","article","medio-basso","Articolo/import Lo sapevi che presente nel nuovo sito.","Ridurre il calore dalle vetrate: cosa funziona — Solaris Fil"
"https://www.solarisfilms.it/approfondimenti/pellicole-riflettenti-vetri-esterni-quando-convengono/","/approfondimenti/pellicole-riflettenti-vetri-esterni-quando-convengono/","301_TO_ARTICLE","/lo-sapevi-che/pellicole-riflettenti-vetri-esterni-quando-convengono/","article","medio-basso","Articolo/import Lo sapevi che presente nel nuovo sito.","Pellicole riflettenti esterne: quando convengono — Solaris F"
"https://www.solarisfilms.it/approfondimenti/pellicole-spettroselettive-facciate-vetrate/","/approfondimenti/pellicole-spettroselettive-facciate-vetrate/","301_TO_ARTICLE","/lo-sapevi-che/pellicole-spettroselettive-facciate-vetrate/","article","medio-basso","Articolo/import Lo sapevi che presente nel nuovo sito.","Facciate vetrate più efficienti e vivibili — Solaris Films"
"https://www.solarisfilms.it/approfondimenti/pellicole-termoisolanti-per-vetri-in-inverno/","/approfondimenti/pellicole-termoisolanti-per-vetri-in-inverno/","301_TO_ARTICLE","/lo-sapevi-che/pellicole-termoisolanti-per-vetri-in-inverno/","article","medio-basso","Articolo/import Lo sapevi che presente nel nuovo sito.","Pellicole termiche per vetri in inverno — Solaris Films"
"https://www.solarisfilms.it/approfondimenti/pellicola-antieffrazione-per-finestre-come-sceglierla/","/approfondimenti/pellicola-antieffrazione-per-finestre-come-sceglierla/","301_TO_ARTICLE","/lo-sapevi-che/pellicola-antieffrazione-per-finestre-come-sceglierla/","article","medio-basso","Articolo/import Lo sapevi che presente nel nuovo sito.","Pellicola antieffrazione per finestre: come sceglierla — Sol"
"https://www.solarisfilms.it/approfondimenti/uni-en-12600-pellicole-sicurezza-vetri/","/approfondimenti/uni-en-12600-pellicole-sicurezza-vetri/","301_TO_ARTICLE","/lo-sapevi-che/uni-en-12600-pellicole-sicurezza-vetri/","article","medio-basso","Articolo/import Lo sapevi che presente nel nuovo sito.","UNI EN 12600 e pellicole di sicurezza — Solaris Films"
"https://www.solarisfilms.it/approfondimenti/come-mettere-in-sicurezza-un-vetro/","/approfondimenti/come-mettere-in-sicurezza-un-vetro/","301_TO_ARTICLE","/lo-sapevi-che/come-mettere-in-sicurezza-un-vetro/","article","medio-basso","Articolo/import Lo sapevi che presente nel nuovo sito.","Mettere in sicurezza un vetro: come farlo — Solaris Films"
"https://www.solarisfilms.it/approfondimenti/pellicole-antigraffiti-per-vetrine/","/approfondimenti/pellicole-antigraffiti-per-vetrine/","301_TO_ARTICLE","/lo-sapevi-che/pellicole-antigraffiti-per-vetrine/","article","medio-basso","Articolo/import Lo sapevi che presente nel nuovo sito.","Pellicole antigraffiti per vetrine: come sceglierle — Solari"
"https://www.solarisfilms.it/approfondimenti/vetrofanie-decorative-per-uffici/","/approfondimenti/vetrofanie-decorative-per-uffici/","301_TO_ARTICLE","/lo-sapevi-che/vetrofanie-decorative-per-uffici/","article","medio-basso","Articolo/import Lo sapevi che presente nel nuovo sito.","Vetrofanie decorative per uffici: come sceglierle — Solaris"
"https://www.solarisfilms.it/approfondimenti/pellicole-riflettenti-per-facciate-continue/","/approfondimenti/pellicole-riflettenti-per-facciate-continue/","301_TO_ARTICLE","/lo-sapevi-che/pellicole-riflettenti-per-facciate-continue/","article","medio-basso","Articolo/import Lo sapevi che presente nel nuovo sito.","Pellicole riflettenti per facciate continue — Solaris Films"
"https://www.solarisfilms.it/approfondimenti/quanto-costa-installare-pellicole-per-vetri/","/approfondimenti/quanto-costa-installare-pellicole-per-vetri/","301_TO_ARTICLE","/lo-sapevi-che/quanto-costa-installare-pellicole-per-vetri/","article","medio-basso","Articolo/import Lo sapevi che presente nel nuovo sito.","Quanto costa installare pellicole per vetri — Solaris Films"
"https://www.solarisfilms.it/approfondimenti/pellicole-vetri-riducono-davvero-raggi-uv/","/approfondimenti/pellicole-vetri-riducono-davvero-raggi-uv/","301_TO_ARTICLE","/lo-sapevi-che/pellicole-vetri-riducono-davvero-raggi-uv/","article","medio-basso","Articolo/import Lo sapevi che presente nel nuovo sito.","Pellicole vetri: riducono davvero i raggi UV? — Solaris Film"
"https://www.solarisfilms.it/approfondimenti/migliori-pellicole-antisolari-per-vetrate-grandi/","/approfondimenti/migliori-pellicole-antisolari-per-vetrate-grandi/","301_TO_ARTICLE","/lo-sapevi-che/migliori-pellicole-antisolari-per-vetrate-grandi/","article","medio-basso","Articolo/import Lo sapevi che presente nel nuovo sito.","Migliori pellicole antisolari per vetrate grandi — Solaris F"
"https://www.solarisfilms.it/approfondimenti/quanto-dura-una-pellicola-per-vetri/","/approfondimenti/quanto-dura-una-pellicola-per-vetri/","301_TO_ARTICLE","/lo-sapevi-che/quanto-dura-una-pellicola-per-vetri/","article","medio-basso","Articolo/import Lo sapevi che presente nel nuovo sito.","Quanto dura una pellicola per vetri? — Solaris Films"
"https://www.solarisfilms.it/approfondimenti/pellicola-antisfondamento-vs-vetro-stratificato/","/approfondimenti/pellicola-antisfondamento-vs-vetro-stratificato/","301_TO_ARTICLE","/lo-sapevi-che/pellicola-antisfondamento-vs-vetro-stratificato/","article","medio-basso","Articolo/import Lo sapevi che presente nel nuovo sito.","Pellicola antisfondamento vs vetro stratificato — Solaris Fi"
"https://www.solarisfilms.it/approfondimenti/guida-pellicole-sicurezza-uni-en-12600/","/approfondimenti/guida-pellicole-sicurezza-uni-en-12600/","301_TO_ARTICLE","/lo-sapevi-che/guida-pellicole-sicurezza-uni-en-12600/","article","medio-basso","Articolo/import Lo sapevi che presente nel nuovo sito.","Guida pellicole sicurezza UNI EN 12600 — Solaris Films"
"https://www.solarisfilms.it/approfondimenti/pellicole-antiesplosione-per-vetri-sicurezza/","/approfondimenti/pellicole-antiesplosione-per-vetri-sicurezza/","301_TO_ARTICLE","/lo-sapevi-che/pellicole-antiesplosione-per-vetri-sicurezza/","article","medio-basso","Articolo/import Lo sapevi che presente nel nuovo sito.","Pellicole antiesplosione per vetri sicurezza — Solaris Films"
"https://www.solarisfilms.it/approfondimenti/pellicole-antisolari-per-capannoni-industriali/","/approfondimenti/pellicole-antisolari-per-capannoni-industriali/","301_TO_ARTICLE","/lo-sapevi-che/pellicole-antisolari-per-capannoni-industriali/","article","medio-basso","Articolo/import Lo sapevi che presente nel nuovo sito.","Pellicole antisolari per capannoni industriali — Solaris Fil"
"https://www.solarisfilms.it/approfondimenti/pellicola-satinata-per-porte-in-vetro/","/approfondimenti/pellicola-satinata-per-porte-in-vetro/","301_TO_ARTICLE","/lo-sapevi-che/pellicola-satinata-per-porte-in-vetro/","article","medio-basso","Articolo/import Lo sapevi che presente nel nuovo sito.","Pellicola satinata per porte in vetro: guida — Solaris Films"
"https://www.solarisfilms.it/approfondimenti/installazione-pellicole-antisolari-vetri-ufficio/","/approfondimenti/installazione-pellicole-antisolari-vetri-ufficio/","301_TO_ARTICLE","/lo-sapevi-che/installazione-pellicole-antisolari-vetri-ufficio/","article","medio-basso","Articolo/import Lo sapevi che presente nel nuovo sito.","Installazione pellicole antisolari vetri ufficio — Solaris F"
"https://www.solarisfilms.it/approfondimenti/come-migliorare-comfort-uffici-vetrati/","/approfondimenti/come-migliorare-comfort-uffici-vetrati/","301_TO_ARTICLE","/lo-sapevi-che/come-migliorare-comfort-uffici-vetrati/","article","medio-basso","Articolo/import Lo sapevi che presente nel nuovo sito.","Come migliorare il comfort negli uffici vetrati — Solaris Fi"
"https://www.solarisfilms.it/approfondimenti/guida-film-certificati-per-vetri/","/approfondimenti/guida-film-certificati-per-vetri/","301_TO_ARTICLE","/lo-sapevi-che/guida-film-certificati-per-vetri/","article","medio-basso","Articolo/import Lo sapevi che presente nel nuovo sito.","Guida ai film certificati per vetri — Solaris Films"
"https://www.solarisfilms.it/approfondimenti/pellicole-solari-o-tende-tecniche/","/approfondimenti/pellicole-solari-o-tende-tecniche/","301_TO_ARTICLE","/lo-sapevi-che/pellicole-solari-o-tende-tecniche/","article","medio-basso","Articolo/import Lo sapevi che presente nel nuovo sito.","Pellicole solari o tende tecniche: cosa conviene — Solaris F"
"https://www.solarisfilms.it/approfondimenti/pellicole-sicurezza-sono-a-norma-scuole/","/approfondimenti/pellicole-sicurezza-sono-a-norma-scuole/","301_TO_ARTICLE","/lo-sapevi-che/pellicole-sicurezza-sono-a-norma-scuole/","article","medio-basso","Articolo/import Lo sapevi che presente nel nuovo sito.","Pellicole sicurezza: sono a norma per scuole? — Solaris Film"
"https://www.solarisfilms.it/approfondimenti/pellicole-antisolari-vs-vetri-basso-emissivi/","/approfondimenti/pellicole-antisolari-vs-vetri-basso-emissivi/","301_TO_ARTICLE","/lo-sapevi-che/pellicole-antisolari-vs-vetri-basso-emissivi/","article","medio-basso","Articolo/import Lo sapevi che presente nel nuovo sito.","Pellicole antisolari vs vetri basso emissivi — Solaris Films"
"https://www.solarisfilms.it/approfondimenti/preventivo-pellicole-vetri-in-24h/","/approfondimenti/preventivo-pellicole-vetri-in-24h/","301_TO_ARTICLE","/lo-sapevi-che/preventivo-pellicole-vetri-in-24h/","article","medio-basso","Articolo/import Lo sapevi che presente nel nuovo sito.","Preventivo pellicole vetri in 24h: cosa conta — Solaris Film"
"https://www.solarisfilms.it/approfondimenti/calcolo-risparmio-energetico-pellicole-solari/","/approfondimenti/calcolo-risparmio-energetico-pellicole-solari/","301_TO_ARTICLE","/lo-sapevi-che/calcolo-risparmio-energetico-pellicole-solari/","article","medio-basso","Articolo/import Lo sapevi che presente nel nuovo sito.","Calcolo risparmio energetico pellicole solari — Solaris Film"
"https://www.solarisfilms.it/approfondimenti/garanzia-decennale-pellicole-per-vetri/","/approfondimenti/garanzia-decennale-pellicole-per-vetri/","301_TO_ARTICLE","/lo-sapevi-che/garanzia-decennale-pellicole-per-vetri/","article","medio-basso","Articolo/import Lo sapevi che presente nel nuovo sito.","Garanzia decennale pellicole per vetri — Solaris Films"
"https://www.solarisfilms.it/approfondimenti/pellicole-termoisolanti-per-infissi-esistenti/","/approfondimenti/pellicole-termoisolanti-per-infissi-esistenti/","301_TO_ARTICLE","/lo-sapevi-che/pellicole-termoisolanti-per-infissi-esistenti/","article","medio-basso","Articolo/import Lo sapevi che presente nel nuovo sito.","Pellicole termoisolanti per infissi esistenti — Solaris Film"
"https://www.solarisfilms.it/approfondimenti/pellicole-schermatura-solare-per-vetrate-sud/","/approfondimenti/pellicole-schermatura-solare-per-vetrate-sud/","301_TO_ARTICLE","/lo-sapevi-che/pellicole-schermatura-solare-per-vetrate-sud/","article","medio-basso","Articolo/import Lo sapevi che presente nel nuovo sito.","Pellicole schermatura solare per vetrate sud — Solaris Films"
"https://www.solarisfilms.it/approfondimenti/ridurre-abbagliamento-vetrate-senza-tende/","/approfondimenti/ridurre-abbagliamento-vetrate-senza-tende/","301_TO_ARTICLE","/lo-sapevi-che/ridurre-abbagliamento-vetrate-senza-tende/","article","medio-basso","Articolo/import Lo sapevi che presente nel nuovo sito.","Ridurre abbagliamento vetrate senza tende — Solaris Films"
"https://www.solarisfilms.it/approfondimenti/guida-scelta-pellicole-per-scuole/","/approfondimenti/guida-scelta-pellicole-per-scuole/","301_TO_ARTICLE","/lo-sapevi-che/guida-scelta-pellicole-per-scuole/","article","medio-basso","Articolo/import Lo sapevi che presente nel nuovo sito.","Guida scelta pellicole per scuole — Solaris Films"
"https://www.solarisfilms.it/approfondimenti/migliori-film-sicurezza-vetrate-scuole/","/approfondimenti/migliori-film-sicurezza-vetrate-scuole/","301_TO_ARTICLE","/lo-sapevi-che/migliori-film-sicurezza-vetrate-scuole/","article","medio-basso","Articolo/import Lo sapevi che presente nel nuovo sito.","Migliori film sicurezza vetrate scuole — Solaris Films"
"https://www.solarisfilms.it/approfondimenti/esempio-riduzione-consumi-con-pellicole/","/approfondimenti/esempio-riduzione-consumi-con-pellicole/","301_TO_ARTICLE","/lo-sapevi-che/esempio-riduzione-consumi-con-pellicole/","article","medio-basso","Articolo/import Lo sapevi che presente nel nuovo sito.","Esempio riduzione consumi con pellicole — Solaris Films"
"https://www.solarisfilms.it/approfondimenti/vetri-sicurezza-scuole/","/approfondimenti/vetri-sicurezza-scuole/","301_TO_ARTICLE","/lo-sapevi-che/vetri-sicurezza-scuole/","article","medio-basso","Articolo/import Lo sapevi che presente nel nuovo sito.","Vetri sicurezza scuole: cosa serve davvero — Solaris Films"
"https://www.solarisfilms.it/approfondimenti/pellicola-sicurezza-o-sostituzione-vetro/","/approfondimenti/pellicola-sicurezza-o-sostituzione-vetro/","301_TO_ARTICLE","/lo-sapevi-che/pellicola-sicurezza-o-sostituzione-vetro/","article","medio-basso","Articolo/import Lo sapevi che presente nel nuovo sito.","Pellicola sicurezza o sostituzione vetro? — Solaris Films"
"https://www.solarisfilms.it/approfondimenti/pellicole-vetri-bloccano-raggi-infrarossi/","/approfondimenti/pellicole-vetri-bloccano-raggi-infrarossi/","301_TO_ARTICLE","/lo-sapevi-che/pellicole-vetri-bloccano-raggi-infrarossi/","article","medio-basso","Articolo/import Lo sapevi che presente nel nuovo sito.","Pellicole vetri bloccano raggi infrarossi? — Solaris Films"
"https://www.solarisfilms.it/approfondimenti/prevenire-rottura-vetri-con-pellicole/","/approfondimenti/prevenire-rottura-vetri-con-pellicole/","301_TO_ARTICLE","/lo-sapevi-che/prevenire-rottura-vetri-con-pellicole/","article","medio-basso","Articolo/import Lo sapevi che presente nel nuovo sito.","Prevenire rottura vetri con pellicole — Solaris Films"
"https://www.solarisfilms.it/approfondimenti/recensione-pellicole-madico-controllo-solare/","/approfondimenti/recensione-pellicole-madico-controllo-solare/","301_TO_ARTICLE","/lo-sapevi-che/recensione-pellicole-madico-controllo-solare/","article","medio-basso","Articolo/import Lo sapevi che presente nel nuovo sito.","Recensione pellicole MADICO controllo solare — Solaris Films"
"https://www.solarisfilms.it/approfondimenti/pellicola-solare-o-doppi-vetri/","/approfondimenti/pellicola-solare-o-doppi-vetri/","301_TO_ARTICLE","/lo-sapevi-che/pellicola-solare-o-doppi-vetri/","article","medio-basso","Articolo/import Lo sapevi che presente nel nuovo sito.","Pellicola solare o doppi vetri: cosa conviene — Solaris Film"
"https://www.solarisfilms.it/approfondimenti/guida-pellicola-lcd-switch-installazione/","/approfondimenti/guida-pellicola-lcd-switch-installazione/","410_GONE","","","basso se confermato no-value","Eliminazione controllata: contenuto escluso dalle regole Solaris o pagina interna/no-value.",""
"https://www.solarisfilms.it/approfondimenti/recensione-pellicole-madico-antisolari/","/approfondimenti/recensione-pellicole-madico-antisolari/","301_TO_ARTICLE","/lo-sapevi-che/recensione-pellicole-madico-antisolari/","article","medio-basso","Articolo/import Lo sapevi che presente nel nuovo sito.","Recensione pellicole Madico antisolari — Solaris Films"
"https://www.solarisfilms.it/approfondimenti/migliori-pellicole-controllo-solare-edifici/","/approfondimenti/migliori-pellicole-controllo-solare-edifici/","301_TO_ARTICLE","/lo-sapevi-che/migliori-pellicole-controllo-solare-edifici/","article","medio-basso","Articolo/import Lo sapevi che presente nel nuovo sito.","Migliori pellicole controllo solare edifici — Solaris Films"
"https://www.solarisfilms.it/approfondimenti/come-funziona-pellicola-antiesplosione-vetri/","/approfondimenti/come-funziona-pellicola-antiesplosione-vetri/","301_TO_ARTICLE","/lo-sapevi-che/come-funziona-pellicola-antiesplosione-vetri/","article","medio-basso","Articolo/import Lo sapevi che presente nel nuovo sito.","Come funziona la pellicola antiesplosione vetri — Solaris Fi"
"https://www.solarisfilms.it/approfondimenti/come-scegliere-pellicola-antisolare-casa/","/approfondimenti/come-scegliere-pellicola-antisolare-casa/","301_TO_ARTICLE","/lo-sapevi-che/come-scegliere-pellicola-antisolare-casa/","article","medio-basso","Articolo/import Lo sapevi che presente nel nuovo sito.","Come scegliere pellicola antisolare casa — Solaris Films"
"https://www.solarisfilms.it/approfondimenti/come-scegliere-pellicola-spettroselettiva-vetri/","/approfondimenti/come-scegliere-pellicola-spettroselettiva-vetri/","301_TO_ARTICLE","/lo-sapevi-che/come-scegliere-pellicola-spettroselettiva-vetri/","article","medio-basso","Articolo/import Lo sapevi che presente nel nuovo sito.","Come scegliere pellicola spettroselettiva vetri — Solaris Fi"
"https://www.solarisfilms.it/approfondimenti/guida-norme-vetri-sicurezza-edifici/","/approfondimenti/guida-norme-vetri-sicurezza-edifici/","301_TO_ARTICLE","/lo-sapevi-che/guida-norme-vetri-sicurezza-edifici/","article","medio-basso","Articolo/import Lo sapevi che presente nel nuovo sito.","Guida norme vetri sicurezza edifici — Solaris Films"
"https://www.solarisfilms.it/approfondimenti/installatore-pellicole-vetri-nord-italia/","/approfondimenti/installatore-pellicole-vetri-nord-italia/","301_TO_ARTICLE","/lo-sapevi-che/installatore-pellicole-vetri-nord-italia/","","medio-basso","Articolo/import Lo sapevi che presente nel nuovo sito.",""
"https://www.solarisfilms.it/approfondimenti/pellicole-vetri-interne-o-esterne-cosa-scegliere/","/approfondimenti/pellicole-vetri-interne-o-esterne-cosa-scegliere/","301_TO_ARTICLE","/lo-sapevi-che/pellicole-vetri-interne-o-esterne-cosa-scegliere/","","medio-basso","Articolo/import Lo sapevi che presente nel nuovo sito.",""
"https://www.solarisfilms.it/approfondimenti/migliori-pellicole-anti-uv-finestre/","/approfondimenti/migliori-pellicole-anti-uv-finestre/","301_TO_ARTICLE","/lo-sapevi-che/migliori-pellicole-anti-uv-finestre/","","medio-basso","Articolo/import Lo sapevi che presente nel nuovo sito.",""
"https://www.solarisfilms.it/approfondimenti/guida-conformita-vetri-luoghi-pubblici/","/approfondimenti/guida-conformita-vetri-luoghi-pubblici/","301_TO_ARTICLE","/lo-sapevi-che/guida-conformita-vetri-luoghi-pubblici/","","medio-basso","Articolo/import Lo sapevi che presente nel nuovo sito.",""
"https://www.solarisfilms.it/approfondimenti/pulizia-manutenzione-pellicole-vetri/","/approfondimenti/pulizia-manutenzione-pellicole-vetri/","301_TO_CONTEXTUAL_PAGE","/info/istruzioni-e-manutenzione/","","basso","Redirect verso contenuto contestuale o articolo ricostruito in Lo sapevi che.",""
"https://www.solarisfilms.it/approfondimenti/privacy-vetri-uffici-soluzioni-criteri/","/approfondimenti/privacy-vetri-uffici-soluzioni-criteri/","301_TO_ARTICLE","/lo-sapevi-che/privacy-vetri-uffici-soluzioni-criteri/","","medio-basso","Articolo/import Lo sapevi che presente nel nuovo sito.",""
"https://www.solarisfilms.it/approfondimenti/pellicola-privacy-vs-vetro-satinato/","/approfondimenti/pellicola-privacy-vs-vetro-satinato/","301_TO_ARTICLE","/lo-sapevi-che/pellicola-privacy-vs-vetro-satinato/","","medio-basso","Articolo/import Lo sapevi che presente nel nuovo sito.",""
"https://www.solarisfilms.it/pellicole-per-vetri/privacy-policy/","/pellicole-per-vetri/privacy-policy/","301_TO_NEW_EQUIVALENT","/privacy-policy/","legal","basso","Redirect diretto a pagina equivalente nuova.","Privacy Policy — Solaris Films"
"https://www.solarisfilms.it/","/","DIRECT_CANONICAL","/","home","basso","Redirect diretto a pagina equivalente nuova.","Pellicole per Vetri: Soluzioni Antisolari e di Sicurezza per"
"https://www.solarisfilms.it/pellicole-per-vetri/pellicole-per-vetri/about/","/pellicole-per-vetri/pellicole-per-vetri/about/","301_TO_NEW_EQUIVALENT","/company-profile/","company","basso","Redirect diretto a pagina equivalente nuova.","Company Profile Solaris"
"https://www.solarisfilms.it/pellicole-per-vetri/pellicole-per-vetri/faq/","/pellicole-per-vetri/pellicole-per-vetri/faq/","301_TO_NEW_EQUIVALENT","/faq/","faq","basso","Redirect diretto a pagina equivalente nuova.","FAQ — Solaris Films"
"https://www.solarisfilms.it/pellicole-per-vetri/pellicole-per-vetri/pellicole-lcd-switch/","/pellicole-per-vetri/pellicole-per-vetri/pellicole-lcd-switch/","410_GONE","","","basso se confermato no-value","Eliminazione controllata: contenuto escluso dalle regole Solaris o pagina interna/no-value.",""
"https://www.solarisfilms.it/pellicole-per-vetri/pellicole-per-vetri/lo-sapevi-che/","/pellicole-per-vetri/pellicole-per-vetri/lo-sapevi-che/","301_TO_ARTICLE","/lo-sapevi-che/","knowledge-index","medio-basso","Articolo/import Lo sapevi che presente nel nuovo sito.","Solaris Films - Pellicole per vetri - Distributore ed installatore da 30+ anni"
"https://www.solarisfilms.it/pellicole-per-vetri/false-parent/battle-plan-mensile-tc-2025/","/pellicole-per-vetri/false-parent/battle-plan-mensile-tc-2025/","410_GONE","","","basso se confermato no-value","Eliminazione controllata: contenuto escluso dalle regole Solaris o pagina interna/no-value.",""
"https://www.solarisfilms.it/pellicole-per-vetri/chiusura-lavori/","/pellicole-per-vetri/chiusura-lavori/","410_GONE","","","basso se confermato no-value","Eliminazione controllata: contenuto escluso dalle regole Solaris o pagina interna/no-value.",""
"https://www.solarisfilms.it/pellicole-per-vetri/false-parent/line-up-settimanale-tc-2025/","/pellicole-per-vetri/false-parent/line-up-settimanale-tc-2025/","410_GONE","","","basso se confermato no-value","Eliminazione controllata: contenuto escluso dalle regole Solaris o pagina interna/no-value.",""
"https://www.solarisfilms.it/pellicole-per-vetri/pellicole-per-vetri/","/pellicole-per-vetri/pellicole-per-vetri/","301_TO_NEW_EQUIVALENT","/servizi/","service-index","basso","Redirect diretto a pagina equivalente nuova.","Pellicole per vetri — Solaris Films"
"https://www.solarisfilms.it/pellicole-per-vetri/false-parent/","/pellicole-per-vetri/false-parent/","410_GONE","","","basso se confermato no-value","Eliminazione controllata: contenuto escluso dalle regole Solaris o pagina interna/no-value.",""
"https://www.solarisfilms.it/pellicole-per-vetri/guida-tecnica-pellicole-per-vetri-antisolari-sicurezza-e-privacy/","/pellicole-per-vetri/guida-tecnica-pellicole-per-vetri-antisolari-sicurezza-e-privacy/","301_TO_NEW_EQUIVALENT","/guida-tecnica/","guide","basso","Redirect diretto a pagina equivalente nuova.","Guida tecnica pellicole per vetri: antisolari, sicurezza e p"
"https://www.solarisfilms.it/pellicole-per-vetri/llms-txt/","/pellicole-per-vetri/llms-txt/","410_GONE","","","basso se confermato no-value","Eliminazione controllata: contenuto escluso dalle regole Solaris o pagina interna/no-value.",""
"https://www.solarisfilms.it/pellicole-per-vetri/zoho-callback/","/pellicole-per-vetri/zoho-callback/","410_GONE","","","basso se confermato no-value","Eliminazione controllata: contenuto escluso dalle regole Solaris o pagina interna/no-value.",""
"https://www.solarisfilms.it/pellicole-per-vetri/anagrafica-privati-v2/","/pellicole-per-vetri/anagrafica-privati-v2/","410_GONE","","","basso se confermato no-value","Eliminazione controllata: contenuto escluso dalle regole Solaris o pagina interna/no-value.",""
"https://www.solarisfilms.it/pellicole-per-vetri/anagrafica-aziende-enti-operativa/","/pellicole-per-vetri/anagrafica-aziende-enti-operativa/","410_GONE","","","basso se confermato no-value","Eliminazione controllata: contenuto escluso dalle regole Solaris o pagina interna/no-value.",""
"https://www.solarisfilms.it/pellicole-per-vetri/anagrafica-tributaria-aziende-enti/","/pellicole-per-vetri/anagrafica-tributaria-aziende-enti/","410_GONE","","","basso se confermato no-value","Eliminazione controllata: contenuto escluso dalle regole Solaris o pagina interna/no-value.",""
"https://www.solarisfilms.it/pellicole-per-vetri/thank-you/","/pellicole-per-vetri/thank-you/","301_TO_NEW_EQUIVALENT","/grazie/","utility","basso","Redirect diretto a pagina equivalente nuova.","— Solaris Films"
"https://www.solarisfilms.it/pellicole-per-vetri/pellicole-per-vetri/preventivo/","/pellicole-per-vetri/pellicole-per-vetri/preventivo/","301_TO_NEW_EQUIVALENT","/preventivo/","page","basso","Redirect diretto a pagina equivalente nuova.","Richiedi preventivo — Solaris Films"
"https://www.solarisfilms.it/pellicole-per-vetri/contact/","/pellicole-per-vetri/contact/","301_TO_NEW_EQUIVALENT","/contatti/","page","basso","Redirect diretto a pagina equivalente nuova.","Contattaci — Solaris Films"
"https://www.solarisfilms.it/pellicole-per-vetri/profilo-solaris/","/pellicole-per-vetri/profilo-solaris/","301_TO_PARENT","/company-profile/","","basso","Equivalente nuovo rilevato.",""
"https://www.solarisfilms.it/pellicole-per-vetri/le-pellicole-antisolari/madicosb20epssr/","/pellicole-per-vetri/le-pellicole-antisolari/madicosb20epssr/","301_TO_NEW_EQUIVALENT","/prodotti/madico-sb-20-e-ps-sr/","product","basso","Redirect diretto a pagina equivalente nuova.","Pellicola antisolare Madico SB 20 E PS SR 75 micron — Solari"
"https://www.solarisfilms.it/pellicole-per-vetri/le-pellicole-antisolari/madicosb35epssr/","/pellicole-per-vetri/le-pellicole-antisolari/madicosb35epssr/","301_TO_NEW_EQUIVALENT","/prodotti/madico-sb-35-e-ps-sr/","product","basso","Redirect diretto a pagina equivalente nuova.","Pellicola antisolare Madico SB 35 E PS SR 75 micron — Solari"
"https://www.solarisfilms.it/pellicole-per-vetri/le-pellicole-antisolari/tecnosolarnt20epssr/","/pellicole-per-vetri/le-pellicole-antisolari/tecnosolarnt20epssr/","410_GONE","","","basso se confermato no-value","Eliminazione controllata: contenuto escluso dalle regole Solaris o pagina interna/no-value.",""
"https://www.solarisfilms.it/pellicole-per-vetri/le-pellicole-antisolari/madicosg20epssr/","/pellicole-per-vetri/le-pellicole-antisolari/madicosg20epssr/","301_TO_NEW_EQUIVALENT","/prodotti/madico-sg-20-e-ps-sr/","product","basso","Redirect diretto a pagina equivalente nuova.","Pellicola antisolare Madico SG 20 E PS SR 75 micron — Solari"
"https://www.solarisfilms.it/pellicole-per-vetri/le-pellicole-antisolari/madicosl8epssr/","/pellicole-per-vetri/le-pellicole-antisolari/madicosl8epssr/","301_TO_NEW_EQUIVALENT","/prodotti/madico-sl-8-e-ps-sr/","product","basso","Redirect diretto a pagina equivalente nuova.","Pellicola antisolare Madico SL 8 E PS SR 75 Micron — Solaris"
"https://www.solarisfilms.it/pellicole-per-vetri/le-pellicole-antisolari/tecnosolarssn50tesr/","/pellicole-per-vetri/le-pellicole-antisolari/tecnosolarssn50tesr/","301_TO_PARENT_NO_BRAND","/focus-tecnico/pellicole-spettro-selettive/","product","basso-medio","Non reintrodurre Tecnosolar; conserva l intent spettroselettive verso parent tecnico coerente.",""
"https://www.solarisfilms.it/pellicole-per-vetri/le-pellicole-antisolari/madico-rs-20-e-ps-sr/","/pellicole-per-vetri/le-pellicole-antisolari/madico-rs-20-e-ps-sr/","301_TO_NEW_EQUIVALENT","/prodotti/madico-rs-20-e-ps-sr/","product","basso","Redirect diretto a pagina equivalente nuova.","Pellicola antisolare Madico RS 20 e PS SR 75 Micron — Solari"
"https://www.solarisfilms.it/pellicole-per-vetri/le-pellicole-antisolari/madico-rs-40-e-ps-sr/","/pellicole-per-vetri/le-pellicole-antisolari/madico-rs-40-e-ps-sr/","301_TO_NEW_EQUIVALENT","/prodotti/madico-rs-40-e-ps-sr/","product","basso","Redirect diretto a pagina equivalente nuova.","Pellicola antisolare Madico RS 40 E PS SR 75 Micron — Solari"
"https://www.solarisfilms.it/pellicole-per-vetri/pellicole-di-sicurezza/madico-rs-20-ps-sr-4mil/","/pellicole-per-vetri/pellicole-di-sicurezza/madico-rs-20-ps-sr-4mil/","301_TO_NEW_EQUIVALENT","/prodotti/madico-rs-20-ps-sr-4mil/","product","basso","Redirect diretto a pagina equivalente nuova.","Pellicola antisolare di sicurezza RS 20 PS SR 4 MIL — Solari"
"https://www.solarisfilms.it/pellicole-per-vetri/pellicole-di-sicurezza/madico-rs-20-ps-sr-8-mil/","/pellicole-per-vetri/pellicole-di-sicurezza/madico-rs-20-ps-sr-8-mil/","301_TO_NEW_EQUIVALENT","/prodotti/madico-rs-20-ps-sr-8-mil/","product","basso","Redirect diretto a pagina equivalente nuova.","Pellicola antisolare di sicurezza RS 20 PS SR 8 MIL — Solari"
"https://www.solarisfilms.it/pellicole-per-vetri/pellicole-di-sicurezza/madico-rs-40-ps-sr-4-mil/","/pellicole-per-vetri/pellicole-di-sicurezza/madico-rs-40-ps-sr-4-mil/","301_TO_NEW_EQUIVALENT","/prodotti/madico-rs-40-ps-sr-4-mil/","product","basso","Redirect diretto a pagina equivalente nuova.","Pellicola antisolare di sicurezza RS 40 PS SR 4 MIL — Solari"
"https://www.solarisfilms.it/pellicole-per-vetri/pellicole-di-sicurezza/madico-rs-40-ps-sr-8-mil/","/pellicole-per-vetri/pellicole-di-sicurezza/madico-rs-40-ps-sr-8-mil/","301_TO_NEW_EQUIVALENT","/prodotti/madico-rs-40-ps-sr-8-mil/","product","basso","Redirect diretto a pagina equivalente nuova.","Pellicola antisolare di sicurezza RS 40 PS SR 8 MIL — Solari"
"https://www.solarisfilms.it/pellicole-per-vetri/pellicole-di-sicurezza/madico-safetyshield-800/","/pellicole-per-vetri/pellicole-di-sicurezza/madico-safetyshield-800/","301_TO_NEW_EQUIVALENT","/prodotti/madico-safetyshield-800/","product","basso","Redirect diretto a pagina equivalente nuova.","Pellicola di sicurezza Madico Safetyshield 800 — Solaris Fil"
"https://www.solarisfilms.it/pellicole-per-vetri/pellicole-di-sicurezza/madico-safetyshield-1500/","/pellicole-per-vetri/pellicole-di-sicurezza/madico-safetyshield-1500/","301_TO_NEW_EQUIVALENT","/prodotti/madico-safetyshield-1500/","product","basso","Redirect diretto a pagina equivalente nuova.","Pellicola di sicurezza Madico Safetyshield 1500 — Solaris Fi"
"https://www.solarisfilms.it/pellicole-per-vetri/pellicole-di-sicurezza/madico-cl-400-e-ps-sr/","/pellicole-per-vetri/pellicole-di-sicurezza/madico-cl-400-e-ps-sr/","301_TO_NEW_EQUIVALENT","/prodotti/madico-cl-400-e-ps-sr/","product","basso","Redirect diretto a pagina equivalente nuova.","Pellicola di sicurezza Madico CL 400 E PS SR — Solaris Films"
"https://www.solarisfilms.it/pellicole-per-vetri/pellicole-di-sicurezza/madico-cl-400-ps-sr/","/pellicole-per-vetri/pellicole-di-sicurezza/madico-cl-400-ps-sr/","301_TO_NEW_EQUIVALENT","/prodotti/madico-cl-400-ps-sr/","product","basso","Redirect diretto a pagina equivalente nuova.","Pellicola di sicurezza Madico CL 400 PS SR — Solaris Films"
"https://www.solarisfilms.it/pellicole-per-vetri/pellicole-di-sicurezza/madico-cl-700-e-ps-sr/","/pellicole-per-vetri/pellicole-di-sicurezza/madico-cl-700-e-ps-sr/","301_TO_NEW_EQUIVALENT","/prodotti/madico-cl-700-e-ps-sr/","product","basso","Redirect diretto a pagina equivalente nuova.","Pellicola di sicurezza Madico CL 700 E PS SR — Solaris Films"
"https://www.solarisfilms.it/pellicole-per-vetri/pellicole-di-sicurezza/madico-cl-700-ps-sr/","/pellicole-per-vetri/pellicole-di-sicurezza/madico-cl-700-ps-sr/","301_TO_NEW_EQUIVALENT","/prodotti/madico-cl-700-ps-sr/","product","basso","Redirect diretto a pagina equivalente nuova.","Pellicola di sicurezza Madico CL 700 PS SR — Solaris Films"
"https://www.solarisfilms.it/pellicole-per-vetri/pellicole-di-sicurezza/madico-gullwing/","/pellicole-per-vetri/pellicole-di-sicurezza/madico-gullwing/","301_TO_NEW_EQUIVALENT","/prodotti/madico-gullwing/","product","basso","Redirect diretto a pagina equivalente nuova.","Sistema di ancoraggio Gullwing — Solaris Films"
"https://www.solarisfilms.it/pellicole-per-vetri/pellicole-decorative-per-vetri/madico-mt-200-xw/","/pellicole-per-vetri/pellicole-decorative-per-vetri/madico-mt-200-xw/","301_TO_NEW_EQUIVALENT","/prodotti/madico-mt-200-xw/","product","basso","Redirect diretto a pagina equivalente nuova.","Pellicola privacy Madico MT 200 XW — Solaris Films"
"https://www.solarisfilms.it/pellicole-per-vetri/pellicole-decorative-per-vetri/vetrofanie/","/pellicole-per-vetri/pellicole-decorative-per-vetri/vetrofanie/","301_TO_NEW_EQUIVALENT","/prodotti/vetrofanie/","product","basso","Redirect diretto a pagina equivalente nuova.","vetrofanie — Solaris Films"
"https://www.solarisfilms.it/servizio-locale/pellicole-per-vetri-trieste/","/servizio-locale/pellicole-per-vetri-trieste/","301_TO_NEW_EQUIVALENT","/servizio-locale/trieste/","local-service","basso","Redirect diretto a pagina equivalente nuova.","PELLICOLE PER VETRI TRIESTE — Solaris Films"
"https://www.solarisfilms.it/servizio-locale/pellicole-per-vetri-ancona/","/servizio-locale/pellicole-per-vetri-ancona/","301_TO_NEW_EQUIVALENT","/servizio-locale/ancona/","local-service","basso","Redirect diretto a pagina equivalente nuova.","PELLICOLE PER VETRI ANCONA — Solaris Films"
"https://www.solarisfilms.it/servizio-locale/pellicole-per-vetri-aosta/","/servizio-locale/pellicole-per-vetri-aosta/","301_TO_NEW_EQUIVALENT","/servizio-locale/aosta/","local-service","basso","Redirect diretto a pagina equivalente nuova.","PELLICOLE PER VETRI AOSTA — Solaris Films"
"https://www.solarisfilms.it/servizio-locale/pellicole-per-vetri-bari/","/servizio-locale/pellicole-per-vetri-bari/","301_TO_NEW_EQUIVALENT","/servizio-locale/bari/","local-service","basso","Redirect diretto a pagina equivalente nuova.","PELLICOLE PER VETRI BARI — Solaris Films"
"https://www.solarisfilms.it/servizio-locale/pellicole-per-vetri-bologna/","/servizio-locale/pellicole-per-vetri-bologna/","301_TO_NEW_EQUIVALENT","/servizio-locale/bologna/","local-service","basso","Redirect diretto a pagina equivalente nuova.","PELLICOLE PER VETRI BOLOGNA — Solaris Films"
"https://www.solarisfilms.it/servizio-locale/pellicole-per-vetri-campobasso/","/servizio-locale/pellicole-per-vetri-campobasso/","301_TO_NEW_EQUIVALENT","/servizio-locale/campobasso/","local-service","basso","Redirect diretto a pagina equivalente nuova.","PELLICOLE PER VETRI CAMPOBASSO — Solaris Films"
"https://www.solarisfilms.it/servizio-locale/pellicole-per-vetri-catanzaro/","/servizio-locale/pellicole-per-vetri-catanzaro/","301_TO_NEW_EQUIVALENT","/servizio-locale/catanzaro/","local-service","basso","Redirect diretto a pagina equivalente nuova.","PELLICOLE PER VETRI CATANZARO — Solaris Films"
"https://www.solarisfilms.it/servizio-locale/pellicole-per-vetri-cosenza/","/servizio-locale/pellicole-per-vetri-cosenza/","301_TO_NEW_EQUIVALENT","/servizio-locale/cosenza/","local-service","basso","Redirect diretto a pagina equivalente nuova.","PELLICOLE PER VETRI COSENZA — Solaris Films"
"https://www.solarisfilms.it/servizio-locale/pellicole-per-vetri-firenze/","/servizio-locale/pellicole-per-vetri-firenze/","301_TO_NEW_EQUIVALENT","/servizio-locale/firenze/","local-service","basso","Redirect diretto a pagina equivalente nuova.","PELLICOLE PER VETRI FIRENZE — Solaris Films"
"https://www.solarisfilms.it/servizio-locale/pellicole-per-vetri-genova/","/servizio-locale/pellicole-per-vetri-genova/","301_TO_NEW_EQUIVALENT","/servizio-locale/genova/","local-service","basso","Redirect diretto a pagina equivalente nuova.","PELLICOLE PER VETRI GENOVA — Solaris Films"
"https://www.solarisfilms.it/servizio-locale/pellicole-per-vetri-laquila/","/servizio-locale/pellicole-per-vetri-laquila/","301_TO_NEW_EQUIVALENT","/servizio-locale/laquila/","local-service","basso","Redirect diretto a pagina equivalente nuova.","PELLICOLE PER VETRI L’AQUILA — Solaris Films"
"https://www.solarisfilms.it/servizio-locale/pellicole-per-vetri-milano/","/servizio-locale/pellicole-per-vetri-milano/","301_TO_NEW_EQUIVALENT","/servizio-locale/milano/","local-service","basso","Redirect diretto a pagina equivalente nuova.","PELLICOLE PER VETRI MILANO — Solaris Films"
"https://www.solarisfilms.it/servizio-locale/pellicole-per-vetri-napoli/","/servizio-locale/pellicole-per-vetri-napoli/","301_TO_NEW_EQUIVALENT","/servizio-locale/napoli/","local-service","basso","Redirect diretto a pagina equivalente nuova.","PELLICOLE PER VETRI NAPOLI — Solaris Films"
"https://www.solarisfilms.it/servizio-locale/pellicole-per-vetri-palermo/","/servizio-locale/pellicole-per-vetri-palermo/","301_TO_NEW_EQUIVALENT","/servizio-locale/palermo/","local-service","basso","Redirect diretto a pagina equivalente nuova.","PELLICOLE PER VETRI PALERMO — Solaris Films"
"https://www.solarisfilms.it/servizio-locale/pellicole-per-vetri-perugia/","/servizio-locale/pellicole-per-vetri-perugia/","301_TO_NEW_EQUIVALENT","/servizio-locale/perugia/","local-service","basso","Redirect diretto a pagina equivalente nuova.","PELLICOLE PER VETRI PERUGIA — Solaris Films"
"https://www.solarisfilms.it/servizio-locale/pellicole-per-vetri-potenza/","/servizio-locale/pellicole-per-vetri-potenza/","301_TO_NEW_EQUIVALENT","/servizio-locale/potenza/","local-service","basso","Redirect diretto a pagina equivalente nuova.","PELLICOLE PER VETRI POTENZA — Solaris Films"
"https://www.solarisfilms.it/servizio-locale/pellicole-per-vetri-roma/","/servizio-locale/pellicole-per-vetri-roma/","301_TO_NEW_EQUIVALENT","/servizio-locale/roma/","local-service","basso","Redirect diretto a pagina equivalente nuova.","PELLICOLE PER VETRI ROMA — Solaris Films"
"https://www.solarisfilms.it/servizio-locale/pellicole-per-vetri-romagna/","/servizio-locale/pellicole-per-vetri-romagna/","301_TO_NEW_EQUIVALENT","/servizio-locale/romagna/","local-service","basso","Redirect diretto a pagina equivalente nuova.","PELLICOLE PER VETRI ROMAGNA — Solaris Films"
"https://www.solarisfilms.it/servizio-locale/pellicole-per-vetri-torino/","/servizio-locale/pellicole-per-vetri-torino/","301_TO_NEW_EQUIVALENT","/servizio-locale/torino/","local-service","basso","Redirect diretto a pagina equivalente nuova.","PELLICOLE PER VETRI TORINO — Solaris Films"
"https://www.solarisfilms.it/servizio-locale/pellicole-per-vetri-trento/","/servizio-locale/pellicole-per-vetri-trento/","301_TO_NEW_EQUIVALENT","/servizio-locale/trento/","local-service","basso","Redirect diretto a pagina equivalente nuova.","PELLICOLE PER VETRI TRENTO — Solaris Films"
"https://www.solarisfilms.it/servizio-locale/pellicole-per-vetri-udine/","/servizio-locale/pellicole-per-vetri-udine/","301_TO_NEW_EQUIVALENT","/servizio-locale/udine/","local-service","basso","Redirect diretto a pagina equivalente nuova.","PELLICOLE PER VETRI UDINE — Solaris Films"
"https://www.solarisfilms.it/servizio-locale/pellicole-per-vetri-venezia/","/servizio-locale/pellicole-per-vetri-venezia/","301_TO_NEW_EQUIVALENT","/servizio-locale/venezia/","local-service","basso","Redirect diretto a pagina equivalente nuova.","PELLICOLE PER VETRI VENEZIA — Solaris Films"
"https://www.solarisfilms.it/pagina-info/norme/","/pagina-info/norme/","301_TO_NEW_EQUIVALENT","/info/norme/","info","basso","Redirect diretto a pagina equivalente nuova.","Norme — Solaris Films"
"https://www.solarisfilms.it/pagina-info/norma-brc/","/pagina-info/norma-brc/","301_TO_NEW_EQUIVALENT","/info/norma-brc/","info","basso","Redirect diretto a pagina equivalente nuova.","Norma BRC — Solaris Films"
"https://www.solarisfilms.it/pagina-info/sicurezza-a-norma-di-legge/","/pagina-info/sicurezza-a-norma-di-legge/","301_TO_NEW_EQUIVALENT","/info/sicurezza-a-norma-di-legge/","info","basso","Redirect diretto a pagina equivalente nuova.","Sicurezza a norma di legge — Solaris Films"
"https://www.solarisfilms.it/pagina-info/testo-unico-sulla-salute-e-sicurezza-sul-lavoro/","/pagina-info/testo-unico-sulla-salute-e-sicurezza-sul-lavoro/","301_TO_NEW_EQUIVALENT","/info/testo-unico-sulla-salute-e-sicurezza-sul-lavoro/","info","basso","Redirect diretto a pagina equivalente nuova.","Testo unico sulla salute e sicurezza sul lavoro ​ — Solaris"
"https://www.solarisfilms.it/pagina-info/sistemi-filtranti-dpr-59-09/","/pagina-info/sistemi-filtranti-dpr-59-09/","301_TO_NEW_EQUIVALENT","/info/sistemi-filtranti-dpr-59-09/","info","basso","Redirect diretto a pagina equivalente nuova.","Sistemi filtranti Dpr. 59/09 — Solaris Films"
"https://www.solarisfilms.it/pagina-info/certificazione-nfrc/","/pagina-info/certificazione-nfrc/","301_TO_NEW_EQUIVALENT","/info/garanzie/","info","basso","Redirect diretto a pagina equivalente nuova.","Certificazione NFRC — Solaris Films"
"https://www.solarisfilms.it/pagina-info/i-punti-di-forza/","/pagina-info/i-punti-di-forza/","301_TO_NEW_EQUIVALENT","/info/i-punti-di-forza/","info","basso","Redirect diretto a pagina equivalente nuova.","I punti di forza — Solaris Films"
"https://www.solarisfilms.it/pagina-info/istruzioni-e-manutenzione/","/pagina-info/istruzioni-e-manutenzione/","301_TO_NEW_EQUIVALENT","/info/istruzioni-e-manutenzione/","info","basso","Redirect diretto a pagina equivalente nuova.","Istruzione e manutenzione — Solaris Films"
"https://www.solarisfilms.it/pagina-info/garanzie/","/pagina-info/garanzie/","301_TO_NEW_EQUIVALENT","/info/garanzie/","info","basso","Redirect diretto a pagina equivalente nuova.","Garanzie — Solaris Films"
"https://www.solarisfilms.it/pagina-info/glossario-termini/","/pagina-info/glossario-termini/","301_TO_NEW_EQUIVALENT","/info/glossario-termini/","info","basso","Redirect diretto a pagina equivalente nuova.","Glossario termini — Solaris Films"
"https://www.solarisfilms.it/pellicole-antisolari/","/pellicole-antisolari/","301_TO_NEW_EQUIVALENT","/focus-tecnico/pellicole-antisolari/","technical-focus","basso","Redirect diretto a pagina equivalente nuova.","Pellicole Antisolari — Solaris Films"
"https://www.solarisfilms.it/pellicole-di-sicurezza/","/pellicole-di-sicurezza/","301_TO_NEW_EQUIVALENT","/focus-tecnico/pellicole-di-sicurezza/","technical-focus","basso","Redirect diretto a pagina equivalente nuova.","Pellicole di sicurezza — Solaris Films"
"https://www.solarisfilms.it/pellicole-antisolari-sputtered/","/pellicole-antisolari-sputtered/","301_TO_NEW_EQUIVALENT","/focus-tecnico/pellicole-antisolari-sputtered/","technical-focus","basso","Redirect diretto a pagina equivalente nuova.","Pellicole Antisolari Sputtered — Solaris Films"
"https://www.solarisfilms.it/pellicole-antisolari-sunscape/","/pellicole-antisolari-sunscape/","301_TO_NEW_EQUIVALENT","/focus-tecnico/pellicole-antisolari-sunscape/","technical-focus","basso","Redirect diretto a pagina equivalente nuova.","Pellicole antisolari Sunscape — Solaris Films"
"https://www.solarisfilms.it/pellicole-oscuranti-per-vetri/","/pellicole-oscuranti-per-vetri/","301_TO_NEW_EQUIVALENT","/focus-tecnico/pellicole-oscuranti-per-vetri/","technical-focus","basso","Redirect diretto a pagina equivalente nuova.","Pellicole oscuranti per vetri — Solaris Films"
"https://www.solarisfilms.it/pellicole-riflettenti/","/pellicole-riflettenti/","301_TO_NEW_EQUIVALENT","/focus-tecnico/pellicole-riflettenti/","technical-focus","basso","Redirect diretto a pagina equivalente nuova.","Pellicole riflettenti — Solaris Films"
"https://www.solarisfilms.it/pellicole-spettro-selettive/","/pellicole-spettro-selettive/","301_TO_NEW_EQUIVALENT","/focus-tecnico/pellicole-spettro-selettive/","technical-focus","basso","Redirect diretto a pagina equivalente nuova.","Pellicole spettro selettive — Solaris Films"
"https://www.solarisfilms.it/pellicole-di-sicurezza-neutre-la-serie-cl/","/pellicole-di-sicurezza-neutre-la-serie-cl/","301_TO_NEW_EQUIVALENT","/focus-tecnico/pellicole-di-sicurezza-neutre-la-serie-cl/","technical-focus","basso","Redirect diretto a pagina equivalente nuova.","Pellicole di sicurezza neutre, la serie CL — Solaris Films"
"https://www.solarisfilms.it/pellicole-di-sicurezza-antiesplosione-la-serie-safetyshield/","/pellicole-di-sicurezza-antiesplosione-la-serie-safetyshield/","301_TO_NEW_EQUIVALENT","/focus-tecnico/pellicole-di-sicurezza-antiesplosione-la-serie-safetyshield/","technical-focus","basso","Redirect diretto a pagina equivalente nuova.","Pellicole di sicurezza antiesplosione, la serie SafetyShield"
"https://www.solarisfilms.it/pellicole-antisolari-di-sicurezza-la-serie-rs/","/pellicole-antisolari-di-sicurezza-la-serie-rs/","301_TO_NEW_EQUIVALENT","/focus-tecnico/pellicole-antisolari-di-sicurezza-la-serie-rs/","technical-focus","basso","Redirect diretto a pagina equivalente nuova.","Pellicole antisolari di sicurezza, la serie RS — Solaris Fil"
"https://www.solarisfilms.it/pellicole-antigraffiti-per-vetri-la-serie-graffiti-free/","/pellicole-antigraffiti-per-vetri-la-serie-graffiti-free/","301_TO_NEW_EQUIVALENT","/focus-tecnico/pellicole-antigraffiti-per-vetri-la-serie-graffiti-free/","technical-focus","basso","Redirect diretto a pagina equivalente nuova.","Pellicole antigraffiti per vetri: la serie Graffiti Free — S"
"https://www.solarisfilms.it/pellicole-decorative/","/pellicole-decorative/","301_TO_NEW_EQUIVALENT","/focus-tecnico/pellicole-decorative/","technical-focus","basso","Redirect diretto a pagina equivalente nuova.","Pellicole decorative — Solaris Films"
"https://www.solarisfilms.it/pellicole-antisolari-stampabili-e-vetrofanie/","/pellicole-antisolari-stampabili-e-vetrofanie/","301_TO_NEW_EQUIVALENT","/focus-tecnico/pellicole-antisolari-stampabili-e-vetrofanie/","technical-focus","basso","Redirect diretto a pagina equivalente nuova.","Pellicole antisolari stampabili e vetrofanie — Solaris Films"
"https://www.solarisfilms.it/pellicole-decorative-privacy/","/pellicole-decorative-privacy/","301_TO_NEW_EQUIVALENT","/focus-tecnico/pellicole-decorative-privacy/","technical-focus","basso","Redirect diretto a pagina equivalente nuova.","Pellicole decorative privacy — Solaris Films"
"https://www.solarisfilms.it/pellicole-termoisolanti/","/pellicole-termoisolanti/","301_TO_NEW_EQUIVALENT","/focus-tecnico/pellicole-antisolari/","technical-focus","basso","Redirect diretto a pagina equivalente nuova.","Pellicole termoisolanti — Solaris Films"
"https://www.solarisfilms.it/approfondimenti/category/approfondimenti/","/approfondimenti/category/approfondimenti/","301_TO_PARENT_NO_ARCHIVE","/lo-sapevi-che/","","medio-basso","Non reintrodurre archivio WordPress; parent editoriale coerente.",""
"https://www.solarisfilms.it/approfondimenti/tipo-pellicola/sputtered/","/approfondimenti/tipo-pellicola/sputtered/","301_TO_PARENT","/focus-tecnico/pellicole-antisolari-sputtered/","","basso","Equivalente nuovo rilevato.",""
"https://www.solarisfilms.it/approfondimenti/tipo-pellicola/sunscape/","/approfondimenti/tipo-pellicola/sunscape/","301_TO_PARENT","/focus-tecnico/pellicole-antisolari-sunscape/","","basso","Equivalente nuovo rilevato.",""
"https://www.solarisfilms.it/approfondimenti/tipo-pellicola/spettroselettive/","/approfondimenti/tipo-pellicola/spettroselettive/","301_TO_PARENT","/focus-tecnico/pellicole-spettro-selettive/","","basso","Equivalente nuovo rilevato.",""
"https://www.solarisfilms.it/approfondimenti/tipo-pellicola/riflettenti/","/approfondimenti/tipo-pellicola/riflettenti/","301_TO_PARENT","/focus-tecnico/pellicole-riflettenti/","","basso","Equivalente nuovo rilevato.",""
"https://www.solarisfilms.it/approfondimenti/tipo-pellicola/antisfondamento/","/approfondimenti/tipo-pellicola/antisfondamento/","301_TO_PARENT","/focus-tecnico/pellicole-di-sicurezza/","","basso","Equivalente nuovo rilevato.",""
"https://www.solarisfilms.it/approfondimenti/tipo-pellicola/antiesplosione/","/approfondimenti/tipo-pellicola/antiesplosione/","301_TO_PARENT","/focus-tecnico/safetyshield/","","basso","Equivalente nuovo rilevato.",""
"https://www.solarisfilms.it/approfondimenti/author/davide-belli/","/approfondimenti/author/davide-belli/","301_TO_PARENT_NO_ARCHIVE","/lo-sapevi-che/","","medio-basso","Non reintrodurre archivio WordPress; parent editoriale coerente.",""
"https://www.solarisfilms.it/approfondimenti/author/site-admin/","/approfondimenti/author/site-admin/","301_TO_PARENT_NO_ARCHIVE","/lo-sapevi-che/","","medio-basso","Non reintrodurre archivio WordPress; parent editoriale coerente.",""
"https://www.solarisfilms.it/approfondimenti/author/fabio-meucci/","/approfondimenti/author/fabio-meucci/","301_TO_PARENT_NO_ARCHIVE","/lo-sapevi-che/","","medio-basso","Non reintrodurre archivio WordPress; parent editoriale coerente.",""
"https://www.solarisfilms.it/approfondimenti/author/j-cappelli/","/approfondimenti/author/j-cappelli/","301_TO_PARENT_NO_ARCHIVE","/lo-sapevi-che/","","medio-basso","Non reintrodurre archivio WordPress; parent editoriale coerente.",""
"https://www.solarisfilms.it/approfondimenti/author/martina-giardi/","/approfondimenti/author/martina-giardi/","301_TO_PARENT_NO_ARCHIVE","/lo-sapevi-che/","","medio-basso","Non reintrodurre archivio WordPress; parent editoriale coerente.",""
"https://www.solarisfilms.it/prodotti/tecnosolar-nt-20-e-ps-sr/","/prodotti/tecnosolar-nt-20-e-ps-sr/","301_DELETE_INTENTIONAL_TO_REPLACEMENT","/prodotti/madico-sg-20-e-ps-sr/","product","basso-medio","Eliminazione intenzionale prodotto Tecnosolar; redirect permanente verso sostitutivo Madico SG 20 E PS SR.","Tecnosolar NT 20 E PS SR"
"https://www.solarisfilms.it/prodotti/tecnosolar-ssn-50-te-sr/","/prodotti/tecnosolar-ssn-50-te-sr/","301_DELETE_INTENTIONAL_TO_REPLACEMENT","/prodotti/madico-sg-20-e-ps-sr/","product","basso-medio","Eliminazione intenzionale prodotto Tecnosolar; redirect permanente verso sostitutivo Madico SG 20 E PS SR.","Tecnosolar SSN 50 TE SR"
